query_id,query,query_form,candidate_id,book,chapter,section_title,原文片段,白话片段,relevance,notes
q055,感冒发热，针灸或按摩哪些穴位？,case,tuina_001,中医临床诊疗指南/专家共识（要点归纳）,现代中医,推拿·适宜技术操作要点,据《中医适宜技术操作规范·推拿》要点：以医者双手运用推、拿、按、摩、滚、揉、捏、点等手法作用于患者体表经络穴位，具疏通经络、理筋整复、行气活血之功。（要点归纳，非原文照录。）,推拿是常用中医适宜技术，操作要点：依病情选部位、选手法，以持久、有力、均匀、柔和、深透为原则，力度循序渐进，避免暴力蛮干。适用于颈肩腰腿痛、急性腰扭伤、落枕、软组织劳损及小儿推拿调理。禁忌包括骨折、脱位、肿瘤、结核、严重心脑血管病及皮肤破损部位。本条目为要点归纳，供参考；具体诊疗请遵医嘱。,,
q055,感冒发热，针灸或按摩哪些穴位？,case,chaihuangkeli_001,《中国药典》一部/药品说明书（要点归纳）,解表剂/中成药,柴黄颗粒·清热解毒,据现行版《中国药典》一部与药品说明书要点归纳：本品由柴胡、黄芩提取物等组成，具清热解毒之功，用于感冒发热，症见发热、微恶风、头痛、目眩、咽喉不适。用法用量按说明书开水冲服。,柴黄颗粒为药简力专的清热解表类中成药，用于感冒发热、头痛目眩。本品性偏寒凉，风寒感冒、脾胃虚寒者不宜。服药期间忌烟酒辛辣生冷油腻，不宜同时服滋补中药；高热不退、咳嗽气促或服药后症状加重者应就医。本条目为中成药，请按说明书或在医师指导下使用。,,
q055,感冒发热，针灸或按摩哪些穴位？,case,chuanxinlianpian_001,《中国药典》一部/药品说明书（要点归纳）,清热剂/中成药,穿心莲片·清热解毒凉血消肿,据现行版《中国药典》一部与药品说明书要点归纳：本品由穿心莲一味组成，具清热解毒、凉血消肿之功，用于邪毒内盛，感冒发热、咽喉肿痛、口舌生疮、顿咳劳嗽、泄泻痢疾、痈肿疮疡、毒蛇咬伤。用法用量按说明书口服。,穿心莲片为单味药清热解毒类中成药，用于感冒发热、咽痛口疮、泻痢痈肿。本品味极苦，空腹服易致胃部不适，脾胃虚寒者宜饭后服，不宜久服；服药 3 天症状无缓解应就医。本条目为中成药，请按说明书或在医师指导下使用。,,
q055,感冒发热，针灸或按摩哪些穴位？,case,snb_chaihu_001,神农本草经,上经,柴胡,柴胡，味苦，平。主心腹，去肠胃中结气，饮食积聚，寒热邪气，推陈致新。久服，轻身明目益精。一名地薰。生川谷。,柴胡苦辛微寒，和解表里、疏肝升阳，主治感冒发热、寒热往来、胸胁胀痛、月经不调、脱肛阴挺。,,
q055,感冒发热，针灸或按摩哪些穴位？,case,reyaningkeli_001,《中国药典》一部/药品说明书（要点归纳）,清热剂/中成药,热炎宁颗粒·清热解毒,据现行版《中国药典》一部与药品说明书要点归纳：本品由蒲公英、虎杖、北败酱、半枝莲等组成，具清热解毒之功，用于外感风热、内郁化火所致风热感冒、发热、咽痛、咳嗽、咯痰黄稠；化脓性扁桃体炎、急性咽炎、急性支气管炎见上述证候者。用法用量按说明书开水冲服。,热炎宁颗粒为清热解毒类中成药，用于外感风热、内郁化火之发热咽痛、咯黄痰，亦可用于急性咽炎、支气管炎。本品性寒，脾胃虚寒、便溏者慎用。服药期间忌烟酒辛辣油腻；高热不退、咳嗽气促或扁桃体化脓者应及时就医。本条目为中成药，请按说明书或在医师指导下使用。,,
q055,感冒发热，针灸或按摩哪些穴位？,case,yizhihuanghua_001,中国药典（2025年版）一部,解表药,一枝黄花,据《中国药典》2025 年版一部：一枝黄花为菊科植物一枝黄花 Solidago decurrens Lour. 的干燥全草（药用部位：全草）。性味辛、苦，凉；归肺、肝经。功能与主治：清热解毒，疏散风热；用于感冒发热，咽喉肿痛，痈肿疮疡，毒蛇咬伤。用法与用量：9～15g。外用适量。贮藏：置干燥处。,**简明**：一枝黄花辛苦凉，清热解毒而疏散风热，为治感冒咽痛与疮疡的常用药。。**详解**：感冒发热配金银花、连翘；咽喉肿痛配板蓝根、射干；痈肿疮疡配蒲公英；毒蛇咬伤可捣敷。,,
q055,感冒发热，针灸或按摩哪些穴位？,case,jiubiying_001,中国药典（2025年版）一部,清热药,救必应,据《中国药典》2025 年版一部：救必应为冬青科植物铁冬青 Ilex rotunda Thunb. 的干燥树皮（药用部位：树皮）。性味苦，寒；归肺、胃、肝经。功能与主治：清热解毒，利湿止痛；用于感冒发热，咽喉肿痛，胃脘疼痛，暑湿泄泻，黄疸，痢疾，跌打损伤。用法与用量：9～30g。外用适量。贮藏：置干燥处。,**简明**：救必应苦寒，清热解毒而利湿止痛，为岭南治感冒咽痛、胃肠湿热的常用药。。**详解**：感冒发热、咽喉肿痛配板蓝根、连翘；胃脘疼痛、暑湿泄泻配黄连、木香、藿香；黄疸配茵陈、栀子；跌打损伤可研末调敷。脾胃虚寒者慎用。,,
q055,感冒发热，针灸或按摩哪些穴位？,case,dadouhuangjuan_001,中国药典（2025年版）一部,解表药,大豆黄卷,据《中国药典》2025 年版一部：大豆黄卷为豆科植物大豆 Glycine max (L.) Merr. 的成熟种子经发芽干燥的炮制加工品（药用部位：发芽制品）。性味甘，平；归脾、胃经。功能与主治：解表祛暑，清热利湿；用于暑湿感冒，发热汗少，胸闷脘痞，水肿胀满。用法与用量：9～15g。贮藏：置通风干燥处，防蛀。,**简明**：大豆黄卷甘平，解表祛暑而清热利湿，为治暑湿感冒、湿阻中焦的常用药。。**详解**：暑湿感冒配藿香、佩兰、苏叶；胸闷脘痞配厚朴、陈皮；水肿胀满配茯苓皮、泽泻。,,
q055,感冒发热，针灸或按摩哪些穴位？,case,fuping_001,中国药典（2025年版）一部,解表药,浮萍,据《中国药典》2025 年版一部：浮萍为浮萍科植物紫萍 Spirodela polyrrhiza (L.) Schleid. 的干燥全草（药用部位：全草）。性味辛，寒；归肺经。功能与主治：宣散风热，透疹，利尿；用于麻疹不透，风疹瘙痒，感冒发热无汗，水肿尿少。用法与用量：3～9g。外用适量，煎汤浸洗。贮藏：置通风干燥处，…,**简明**：浮萍辛寒质轻，宣散风热、透疹利尿，主治风热无汗、麻疹不透、风疹瘙痒及风水水肿。**详解**：风热感冒发热无汗配薄荷、连翘；麻疹不透配牛蒡子、蝉蜕；水肿小便不利配泽泻、车前子；外用煎汤洗治风疹瘙痒。表虚自汗者忌用。,,
q055,感冒发热，针灸或按摩哪些穴位？,case,qianliguang_001,中国药典（2025年版）一部,清热药,千里光,据《中国药典》2025 年版一部：千里光为菊科植物千里光 Senecio scandens Buch.-Ham. 的干燥地上部分（药用部位：地上部分）。性味苦，寒；归肺、肝、大肠经。功能与主治：清热解毒，明目，利湿；用于痈肿疮毒，感冒发热，目赤肿痛，泄泻痢疾，皮肤湿疹。用法与用量：15～30g。外用适量，煎水熏洗。贮藏…,**简明**：千里光苦寒，清热解毒、明目利湿，主治痈肿疮毒、目赤翳障、湿疹及湿热泻痢（民间谚称「一世不生疮」）。**详解**：疮痈肿毒配蒲公英、金银花；目赤肿痛配菊花、决明子；湿疹疥癣煎水外洗；泻痢配黄连、白头翁。脾胃虚寒者慎用。,,
q055,感冒发热，针灸或按摩哪些穴位？,case,jinzhen_001,针灸大成,经络腧穴/刺法歌括,禁针歌,禁针穴道要先明，脑户囟会及神庭，络却玉枕角孙穴，颅息承泣随次寻，悬颅颔厌并乳中，鸠尾脐中止会阴，….…,此歌括历代相传不宜针刺之要穴，多位于头面重要脏器附近及皮薄筋脉处，如脑户、囟会、神庭禁针以避脑髓；承泣近目，深恐伤目；乳中禁针，恐伤乳络；神阙（脐中）古人禁针，仅灸或敷贴。临证须严格掌握禁忌穴位与深度，避免刺伤内脏、延髓及重要血管神经。,,
q055,感冒发热，针灸或按摩哪些穴位？,case,liuweidihuangwan_002,《中国药典》一部/药品说明书（要点归纳）,补益剂/中成药,六味地黄丸·滋阴补肾,据现行版《中国药典》一部与药品说明书要点归纳：本品由熟地黄、山茱萸、山药、泽泻、牡丹皮、茯苓组成，具滋阴补肾之功，用于肾阴亏损，症见头晕耳鸣、腰膝酸软、骨蒸潮热、盗汗遗精、消渴。用法用量按说明书。,六味地黄丸为滋阴补肾基础中成药，用于肾阴亏虚之腰酸耳鸣潮热盗汗。脾虚便溏者慎用；感冒发热期间不宜服用。本条目为中成药，请按说明书或在医师指导下使用。,,
q055,感冒发热，针灸或按摩哪些穴位？,case,chuanxinlian_001,中国药典（2025年版）一部,清热药,穿心莲,据《中国药典》2025 年版一部：穿心莲为爵床科植物穿心莲 Andrographis paniculata (Burm. f.) Nees 的干燥地上部分（药用部位：地上部分）。性味苦，寒；归心、肺、大肠、膀胱经。功能与主治：清热解毒，凉血，消肿，燥湿；用于感冒发热，咽喉肿痛，口舌生疮，顿咳劳嗽，泄泻痢疾，热淋涩痛，痈…,**简明**：穿心莲苦寒，清热解毒、凉血消肿燥湿，主治外感发热、咽喉肿痛、泻痢及热淋，为现代抗感染常用药。**详解**：感冒发热咽痛配金银花、连翘；湿热泻痢配黄连、木香；热淋配车前子；疮疡蛇伤外用鲜品捣敷。味苦难服，多入丸散片剂；脾胃虚寒者慎用，剂量不宜过大。,,
q055,感冒发热，针灸或按摩哪些穴位？,case,yishoucao_001,中国药典（2025年版）一部,清热药,翼首草,据《中国药典》2025 年版一部：翼首草为川续断科植物匙叶翼首草 Pterocephalus hookeri (C. B. Clarke) Höeck 的干燥全草（药用部位：全草）。本品系藏族习用药材。性味苦，寒；有小毒；归心、肝经。功能与主治：清热解毒，祛风通络；用于瘟疫发热，感冒发烧，血热，心热，神经性头痛，关节疼…,**简明**：翼首草苦寒有小毒，清热解毒而祛风通络，为藏药治瘟疫发热、热性头痛与关节痛的常用药。。**详解**：瘟疫发热配金银花、连翘；血热心热配生地黄、牡丹皮；神经性头痛配川芎、白芷；关节疼痛配独活、威灵仙。**有小毒**，用量 1.5～3g 多入丸散；孕妇慎用。,,
q055,感冒发热，针灸或按摩哪些穴位？,case,xueweitie_001,中医临床诊疗指南/专家共识（要点归纳）,现代中医,穴位贴敷·适宜技术操作要点,据《中医适宜技术操作规范·穴位贴敷》要点：将中药研末调成糊状或制成膏药，贴敷于特定腧穴，借药物与穴位双重作用透皮吸收，常见三伏贴、三九贴等，用于冬病夏治。（要点归纳，非原文照录。）,"穴位贴敷是常用中医适宜技术，操作要点：依证选穴（如咳喘常取肺俞、定喘、风门），贴敷时长数小时至一日不等，以局部皮肤微赤、微痒为度，避免起泡破溃。适用于慢性咳喘、反复感冒、痹证、脾胃虚寒等，三伏贴即""冬病夏治""代表。皮肤过敏、破溃、孕妇及婴幼儿须慎用。本条目为要点归纳，供参考；具体诊疗请遵医嘱。",,
q055,感冒发热，针灸或按摩哪些穴位？,case,sijunziwan_001,《中国药典》一部/药品说明书（要点归纳）,补益剂/中成药,四君子丸·益气健脾,据现行版《中国药典》一部与药品说明书要点归纳：本品由党参、白术、茯苓、炙甘草组成，具益气健脾之功，用于脾胃气虚，胃纳不佳，食少便溏。用法用量按说明书口服。,四君子丸为古方四君子汤改制的补气健脾基础中成药，药仅四味，用于脾胃气虚之食少便溏。本品平和，阴虚内热、实热证不宜；感冒发热期间停服。本条目为中成药，请按说明书或在医师指导下使用。,,
q055,感冒发热，针灸或按摩哪些穴位？,case,yupingfengkeli_001,《中国药典》一部/药品说明书（要点归纳）,补益剂/中成药,玉屏风颗粒·益气固表止汗,据现行版《中国药典》一部与药品说明书要点归纳：本品由黄芪、白术、防风组成，具益气、固表、止汗之功，用于表虚不固，自汗恶风，面色㿠白，或体虚易感风邪者。用法用量按说明书开水冲服。,玉屏风颗粒为古方玉屏风散改制的益气固表类中成药，药仅三味，用于表虚自汗、体虚易感。本品以补为主，阴虚盗汗、外感自汗者不宜；感冒发热期间停服。本条目为中成药，请按说明书或在医师指导下使用。,,
q055,感冒发热，针灸或按摩哪些穴位？,case,shengmaiyin_002,《中国药典》一部/药品说明书（要点归纳）,补益剂/中成药,生脉饮·益气养阴生津,据现行版《中国药典》一部与药品说明书要点归纳：本品由人参、麦冬、五味子组成，具益气、养阴生津之功，用于气阴两亏，心悸气短，自汗。用法用量按说明书口服。,生脉饮为古方生脉散改制的益气养阴类中成药，药仅三味，用于气阴两亏之心悸气短、自汗。本品偏补，感冒发热、咳嗽痰多者不宜；脾胃虚弱、呕吐泄泻者慎用。本条目为中成药，请按说明书或在医师指导下使用。,,
q055,感冒发热，针灸或按摩哪些穴位？,case,qijudihuangwan_001,《中国药典》一部/药品说明书（要点归纳）,补益剂/中成药,杞菊地黄丸·滋肾养肝,据现行版《中国药典》一部与药品说明书要点归纳：本品由枸杞子、菊花、熟地黄、山茱萸、山药、泽泻、牡丹皮、茯苓组成，具滋肾养肝之功，用于肝肾阴亏，眩晕耳鸣，目涩畏光，视物昏花，迎风流泪。用法用量按说明书口服。,杞菊地黄丸为六味地黄丸加枸杞子、菊花的滋肾养肝类中成药，用于肝肾阴虚之眩晕耳鸣、目涩畏光、视物昏花。本方滋腻，脾虚便溏者慎用；感冒发热期间停服。本条目为中成药，请按说明书或在医师指导下使用。,,
q055,感冒发热，针灸或按摩哪些穴位？,case,buzhongyiqiwan_002,《中国药典》一部/药品说明书（要点归纳）,补益剂/中成药,补中益气丸·补中益气升阳举陷,据现行版《中国药典》一部与药品说明书要点归纳：本品由炙黄芪、党参、白术、甘草、当归、升麻、柴胡、陈皮组成，具补中益气、升阳举陷之功，用于脾胃虚弱、中气下陷所致体倦乏力、食少腹胀、久泻、脱肛、子宫脱垂。用法用量按说明书口服。,补中益气丸为古方补中益气汤改制的补气升阳类中成药，用于脾胃虚弱、中气下陷之体倦乏力、内脏下垂。本品偏温，阴虚阳亢、感冒发热者不宜；高血压患者慎用。本条目为中成药，请按说明书或在医师指导下使用。,,
q055,感冒发热，针灸或按摩哪些穴位？,case,guipiwan_002,《中国药典》一部/药品说明书（要点归纳）,补益剂/中成药,归脾丸·益气健脾养血安神,据现行版《中国药典》一部与药品说明书要点归纳：本品由党参、白术、黄芪、茯苓、远志、酸枣仁、龙眼肉、当归、木香、大枣、炙甘草组成，具益气健脾、养血安神之功，用于心脾两虚，气短心悸，失眠多梦，头昏头晕，肢倦乏力，食欲不振，崩漏便血。用法用量按说明书温开水或生姜汤送服。,归脾丸为古方归脾汤改制的益气养血、健脾安神类中成药，用于心脾两虚之心悸失眠、食少乏力、崩漏便血。本方甘温壅补，痰湿内盛、阴虚火旺者不宜；感冒发热期间停服。本条目为中成药，请按说明书或在医师指导下使用。,,
q055,感冒发热，针灸或按摩哪些穴位？,case,guifudihuangwan_001,《中国药典》一部/药品说明书（要点归纳）,补益剂/中成药,桂附地黄丸·温补肾阳,据现行版《中国药典》一部与药品说明书要点归纳：本品由肉桂、附子、熟地黄、山茱萸、山药、泽泻、牡丹皮、茯苓组成，具温补肾阳之功，用于肾阳不足，腰膝冷痛，肢冷尿频，小便不利或反多，痰饮喘咳。用法用量按说明书口服。,桂附地黄丸为金匮肾气丸类方，温补肾阳常用中成药，用于肾阳不足之腰膝冷痛、肢冷尿频。本方含附子，性温热，阴虚内热、感冒发热者不宜；孕妇忌服，服药期间忌生冷油腻。本条目为中成药，请按说明书或在医师指导下使用。,,
q055,感冒发热，针灸或按摩哪些穴位？,case,bazhenwan_001,《中国药典》一部/药品说明书（要点归纳）,补益剂/中成药,八珍丸·补气益血,据现行版《中国药典》一部与药品说明书要点归纳：本品由党参、白术、茯苓、甘草、当归、白芍、川芎、熟地黄（四君子汤合四物汤）组成，具补气益血之功，用于气血两虚，面色萎黄，食欲不振，四肢乏力，月经过多。用法用量按说明书口服。,八珍丸为四君子汤合四物汤的气血双补基础中成药，用于气血两虚之面色萎黄、食少乏力。本品偏温补，咳嗽痰多、脘腹胀痛、感冒发热者不宜；服药期间不宜和感冒类药同服。本条目为中成药，请按说明书或在医师指导下使用。,,
q055,感冒发热，针灸或按摩哪些穴位？,case,zhibaidihuangwan_002,《中国药典》一部/药品说明书（要点归纳）,补益剂/中成药,知柏地黄丸·滋阴降火,据现行版《中国药典》一部与药品说明书要点归纳：本品由熟地黄、山茱萸、山药、泽泻、牡丹皮、茯苓、知母、黄柏组成，具滋阴降火之功，用于阴虚火旺，潮热盗汗，口干咽痛，耳鸣遗精，小便短赤。用法用量按说明书口服。,知柏地黄丸为六味地黄丸加知母、黄柏的滋阴降火类中成药，用于阴虚火旺之潮热盗汗、口干咽痛、耳鸣遗精。本方滋腻兼苦寒，脾虚便溏、阳虚畏寒者不宜；感冒发热期间停服。本条目为中成药，请按说明书或在医师指导下使用。,,
q055,感冒发热，针灸或按摩哪些穴位？,case,chaihu_001,中国药典（2025年版）一部,解表药,柴胡,据《中国药典》2025 年版一部：柴胡为伞形科植物柴胡 Bupleurum chinense DC. 或狭叶柴胡 Bupleurum scorzonerifolium Willd. 的干燥根（药用部位：根）。性味辛、苦，微寒；归肝、胆、肺经。功能与主治：疏散退热，疏肝解郁，升举阳气；用于感冒发热，寒热往来，胸胁胀痛，月…,**简明**：柴胡辛苦微寒，疏散退热、疏肝解郁、升举阳气，主治少阳寒热往来、肝郁胁痛及气虚下陷诸证。**详解**：少阳证寒热往来配黄芩（小柴胡汤）；外感发热配葛根、黄芩；肝郁胁胀、月经不调配白芍、当归（逍遥散）；中气下陷脱肛、子宫脱垂配升麻、黄芪（补中益气汤）。解表退热宜生用、量大，升阳宜蜜炙、量小；阴虚火旺、肝阳上亢…,,
q055,感冒发热，针灸或按摩哪些穴位？,case,huangqijingkoufuye_001,《中国药典》一部/药品说明书（要点归纳）,补益剂/中成药,黄芪精口服液·补血养气固本止汗,据现行版《中国药典》一部与药品说明书要点归纳：本品为黄芪（制）单味药制成的口服液，具补血养气、固本止汗之功，用于气虚血亏，症见表虚自汗、四肢乏力、精神不足、久病衰弱、脾胃不壮。用法用量按说明书口服。,黄芪精口服液为单味黄芪益气固表类中成药，用于气虚血亏、表虚自汗、四肢乏力。本品偏温补，阴虚火旺、感冒发热、湿热内盛者不宜；宜饭前服用。自汗伴明显心悸、消瘦或其他不适者应就医。本条目为中成药，请按说明书或在医师指导下使用。,,
q055,感冒发热，针灸或按摩哪些穴位？,case,buzhongyiqitang_jieyao_001,方解（方论集要）,补益剂·方解,补中益气汤·补中益气升阳举陷,本方出《脾胃论》：组成黄芪、人参、白术、炙甘草、当归、陈皮、升麻、柴胡。方中黄芪君，补中益气、升阳固表；人参、白术、炙甘草臣，益气健脾；当归佐，养血和营；陈皮佐，理气和胃，使补而不滞；升麻、柴胡佐，升举清阳，引芪参上行；炙甘草兼为使药。,"补中益气汤为李东垣补土派代表方，治脾胃气虚、中气下陷之体倦乏力、脱肛、久泻。黄芪益气升阳，参术草补中，当归养血，陈皮理气，升柴升阳，为""甘温除热""法代表。本方偏温，阴虚火旺、感冒发热者不宜；高血压患者慎用。方解供学习参考；具体用药请遵医嘱。",,
q055,感冒发热，针灸或按摩哪些穴位？,case,jingluoyingyong_001,《中医基础理论》规划教材（要点归纳）,经络,经络临床应用·阐释病理指导诊断指导治疗,经络学说在临床上应用主要有三方面：①阐释病理，外邪由表入里、脏腑病变相互传变，多以经络为途径；②指导诊断，根据症状出现部位判为何经病变（分经辨证、循经诊断）；③指导治疗，针灸循经取穴、药物归经引经报使，以及按摩、拔罐等均以经络为据。,"经络学说的临床价值在于：它既解释病邪如何传变（由皮毛、经络到脏腑），也指导医生""按部位辨何经""，再循经取穴或用引经药。如前额痛多属阳明经、偏头痛多属少阳经，即分经辨证。学习时应把经络循行路线与常见分经辨证、归经用药对应起来记。",,
q055,感冒发热，针灸或按摩哪些穴位？,case,biqiu_001,《中医耳鼻咽喉科学》规划教材（要点归纳）,五官,鼻鼽·阵发性鼻痒喷嚏流清涕过敏性鼻炎,鼻鼽是指阵发性和反复发作的鼻痒、喷嚏、流清涕、鼻塞为特征的鼻病，即西医学变应性鼻炎（过敏性鼻炎）。病机多为肺气虚寒、脾气虚弱、肾阳不足，卫表不固、腠理疏松，风寒异气乘虚侵袭；或肺经伏热上炎鼻窍。,鼻鼽即过敏性鼻炎，以阵发鼻痒、喷嚏、清涕为主。中医分肺气虚寒（温肺止流丹、玉屏风散）、脾气虚（补中益气汤）等论治，配合避过敏源、针灸、穴位贴敷。反复发作、伴哮喘者须规范诊治。本条目为教材要点归纳，供参考；具体诊疗请遵医嘱。,,
q055,感冒发热，针灸或按摩哪些穴位？,case,jingluogongneng_001,《中医基础理论》规划教材（要点归纳）,经络,经络生理功能·沟通联系运行气血感应传导调节功能,"经络的主要生理功能可概括为四方面：①沟通联系，将人体五脏六腑、四肢百骸、五官九窍联络成统一整体；②运行气血，濡养全身，""经脉者，所以行血气而营阴阳""；③感应传导，接受和传导针灸、按摩等刺激；④调节机能，通过经气运行调节人体机能活动，使之协调平衡。","经络的生理功能可归纳为""联系—运行—感应—调节""四大作用：它像网络把人体各部分连成整体，运行气血营养全身，传递刺激信号，并对机体机能起调节作用。这是针灸、按摩、气功得以取效的理论基础。学习时应把这四大功能与经络系统组成（经脉、络脉、经别、经筋、皮部）结合理解。",,
q055,感冒发热，针灸或按摩哪些穴位？,case,jiuweiqianghuowan_001,《中国药典》一部/药品说明书（要点归纳）,解表剂/中成药,九味羌活丸·疏风解表散寒除湿,据现行版《中国药典》一部与药品说明书要点归纳：本品由羌活、防风、苍术、细辛、川芎、白芷、黄芩、地黄、甘草等组成，具疏风解表、散寒除湿之功，用于外感风寒湿邪所致感冒，症见恶寒发热、无汗、头痛且重、肢体酸痛。用法用量按说明书姜葱汤或温开水送服。,九味羌活丸为古方九味羌活汤改制的常用辛温解表类中成药，用于外感风寒湿邪、内有蕴热之恶寒发热、无汗头痛、肢体酸痛。方中羌活、苍术、细辛、白芷辛温燥烈，风热表证、阴虚气弱者慎用，孕妇慎服。本条目为中成药，请按说明书或在医师指导下使用。,,
q055,感冒发热，针灸或按摩哪些穴位？,case,lianhuaqingwenjiaonang_001,《中国药典》一部/药品说明书（要点归纳）,解表剂/中成药,连花清瘟胶囊·清瘟解毒宣肺泄热,据现行版《中国药典》一部与药品说明书要点归纳：本品由连翘、金银花、炙麻黄、炒苦杏仁、石膏、板蓝根、绵马贯众、鱼腥草、广藿香、大黄、红景天、薄荷脑、甘草等组成，具清瘟解毒、宣肺泄热之功，用于流行性感冒属热毒袭肺证，症见发热或高热、恶寒、肌肉酸痛、鼻塞流涕、咳嗽、头痛、咽干咽痛。用法用量按说明书口服。,连花清瘟胶囊为常用流感类中成药，用于流行性感冒属热毒袭肺证之发热恶寒、肌肉酸痛、咽痛咳嗽。服药期间忌烟、酒及辛辣生冷油腻，不宜同时服用滋补性中药；风寒感冒者不适用，高血压、心脏病患者、孕妇、哺乳期妇女、儿童及年老体弱者应在医师指导下使用；发热体温超过 38.5℃ 或症状加重应及时就医。本条目为中成药，请按说明书或在医师…,,
q055,感冒发热，针灸或按摩哪些穴位？,case,jinyinhua_001,中国药典（2025年版）一部,清热药,金银花,据《中国药典》2025 年版一部：金银花为忍冬科植物忍冬 Lonicera japonica Thunb. 的干燥花蕾或带初开的花（药用部位：花蕾或带初开的花）。性味甘，寒；归肺、心、胃经。功能与主治：清热解毒，疏散风热；用于痈肿疔疮，喉痹，丹毒，热毒血痢，风热感冒，温病发热。用法与用量：6～15g。贮藏：置阴凉干燥处…,**简明**：金银花甘寒，清热解毒、疏散风热，为治**一切痈肿疔疮**之要药（疮家圣药），兼治风热感冒与温病初起。**详解**：温病初起、风热感冒配连翘、薄荷（银翘散）；痈肿疔疮配野菊花、蒲公英、紫花地丁（五味消毒饮）；热毒血痢配白头翁、黄连。炒炭（金银花炭）偏凉血止痢。脾胃虚寒者慎用。,,
q055,感冒发热，针灸或按摩哪些穴位？,case,xingzhenzhiyaoge_001,针灸大成,卷之三,行针指要歌,或针风，先向风府百会中。或针水，水分侠脐上边取。或针结，针着大肠泄水穴。或针劳，须向膏肓及百劳。或针虚，气海丹田委中奇。或针气，膻中一穴分明记。或针嗽，肺俞风门须用灸。或针痰，先针中脘三里间。或针吐，中脘气海膻中补；翻胃吐食一般医，针中有妙少人知。,"本篇以""或针某""九问句式，将常见病证各系一至三要穴：风取风府、百会；水取水分；结（积聚）取大肠俞；劳取膏肓、百劳；虚取气海、丹田、委中；气取膻中；嗽取肺俞、风门；痰取中脘、足三里；吐取中脘、气海、膻中。语约而用宏，实为辨证取穴之纲领，便于记诵临床按证索穴。",,
q055,感冒发热，针灸或按摩哪些穴位？,case,shuanghuanglianhekoufuye_001,《中国药典》一部/药品说明书（要点归纳）,解表剂/中成药,双黄连口服液·疏风解表清热解毒,据现行版《中国药典》一部与药品说明书要点归纳：本品由金银花、黄芩、连翘三味组成，具疏风解表、清热解毒之功，用于外感风热所致感冒，症见发热、咳嗽、咽痛。用法用量按说明书口服。,双黄连口服液为常用辛凉解表类中成药，用于外感风热感冒之发热、咳嗽、咽痛。服药期间忌烟、酒及辛辣生冷油腻，不宜同时服用滋补性中药；风寒感冒者不适用，脾胃虚寒泄泻者慎用。本条目为中成药，请按说明书或在医师指导下使用。,,
q055,感冒发热，针灸或按摩哪些穴位？,case,shanyinhua_001,中国药典（2025年版）一部,清热药,山银花,据《中国药典》2025 年版一部：山银花为忍冬科植物灰毡毛忍冬 Lonicera macranthoides Hand.-Mazz.、红腺忍冬 Lonicera hypoglauca Miq. 或华南忍冬 Lonicera confusa DC. 的干燥花蕾或带初开的花（药用部位：花蕾或带初开的花）。性味甘，寒；归肺、…,**简明**：山银花与金银花功效相近而略逊，清热解毒、疏散风热，为疮痈与风热感冒常用。。**详解**：风热感冒、温病初起配连翘、薄荷（银翘散）；痈肿疔疮配蒲公英、紫花地丁；热毒血痢配白头翁、黄连。脾胃虚寒者慎用。,,
q055,感冒发热，针灸或按摩哪些穴位？,case,xiaoerganmao_001,《中医儿科学》规划教材（要点归纳）,儿科,小儿感冒·外感发热鼻塞流涕,小儿感冒是由外感六淫、时行邪毒引起的肺系疾病，临床以发热、恶寒、鼻塞流涕、喷嚏、咳嗽为主要表现。小儿肺常不足、脾常不足，感冒易夹痰、夹滞、夹惊。辨证分风寒、风热、暑邪、时邪等型。,小儿感冒辨证分寒热：风寒者辛温解表，风热者辛凉解表。注意夹痰、夹滞、夹惊的兼证处理。高热不退、咳嗽加重、神昏抽搐者须就医。教材要点归纳，供参考；具体诊疗请遵医嘱。,,
q055,感冒发热，针灸或按摩哪些穴位？,case,sangjuganmaopian_001,《中国药典》一部/药品说明书（要点归纳）,解表剂/中成药,桑菊感冒片·疏风清热宣肺止咳,据现行版《中国药典》一部与药品说明书要点归纳：本品由桑叶、菊花、薄荷、连翘、苦杏仁、桔梗、芦根、甘草等组成，具疏风清热、宣肺止咳之功，用于风热感冒初起，症见咳嗽、发热头痛、口干咽痛。用法用量按说明书口服。,桑菊感冒片为古方桑菊饮改制的常用辛凉解表类中成药，偏于宣肺止咳，用于风热感冒初起之咳嗽为主、身热不甚。服药期间忌烟、酒及辛辣生冷油腻；风寒感冒咳嗽、痰多清稀者不适用。本条目为中成药，请按说明书或在医师指导下使用。,,
q055,感冒发热，针灸或按摩哪些穴位？,case,yinqiaojiedupian_001,《中国药典》一部/药品说明书（要点归纳）,解表剂/中成药,银翘解毒片·辛凉解表清热解毒,据现行版《中国药典》一部与药品说明书要点归纳：本品由金银花、连翘、薄荷、荆芥、淡豆豉、牛蒡子、桔梗、淡竹叶、甘草等组成，具辛凉解表、清热解毒之功，用于风热感冒，症见发热头痛、咳嗽、口干、咽喉疼痛。用法用量按说明书口服。,银翘解毒片为古方银翘散改制的常用辛凉解表类中成药，用于风热感冒之发热头痛、咽痛口干。服药期间忌烟、酒及辛辣生冷油腻，不宜同时服用滋补性中药；风寒感冒者不适用。本条目为中成药，请按说明书或在医师指导下使用。,,
q055,感冒发热，针灸或按摩哪些穴位？,case,sijikangbingduheji_001,《中国药典》一部/药品说明书（要点归纳）,清热剂/中成药,四季抗病毒合剂·清热解毒消炎退热,据现行版《中国药典》一部与药品说明书要点归纳：本品由鱼腥草、桔梗、桑叶、连翘、荆芥、薄荷、紫苏叶、杏仁、芦根、菊花、甘草等组成，具清热解毒、消炎退热之功，用于病毒性感冒、流感，症见发热、头痛、咽痛、流涕、咳嗽。用法用量按说明书口服。,四季抗病毒合剂为清热解毒类中成药，用于病毒性感冒、流感之发热头痛、咽痛咳嗽。本品偏凉，风寒感冒、脾胃虚寒便溏者慎用。服药期间忌烟酒辛辣生冷油腻，不宜同时服滋补中药；高热不退、喘促或症状加重者应及时就医。本条目为中成药，请按说明书或在医师指导下使用。,,
q055,感冒发热，针灸或按摩哪些穴位？,case,wushichakeli_001,《中国药典》一部/药品说明书（要点归纳）,解表剂/中成药,午时茶颗粒·解表和中,据现行版《中国药典》一部与药品说明书要点归纳：本品由苍术、柴胡、羌活、防风、川芎、广藿香、前胡、连翘、陈皮、山楂、枳实、麦芽、甘草、六神曲等多味组成，具解表和中之功，用于外感风寒、内伤食积证，症见恶寒发热、头痛身楚、胸脘满闷、恶心呕吐、腹痛腹泻。用法用量按说明书开水冲服。,"午时茶颗粒为表里同治类中成药，用于外感风寒兼内伤食积之恶寒发热、胸脘满闷、吐泻腹痛，俗称""伤风停食""。服药期间忌烟、酒及辛辣生冷油腻；风热感冒不适用。本条目为中成药，请按说明书或在医师指导下使用。",,
q055,感冒发热，针灸或按摩哪些穴位？,case,ganmaolingkeli_001,《中国药典》一部/药品说明书（要点归纳）,解表剂/中成药,感冒灵颗粒·解热镇痛中西药复方,据现行版《中国药典》一部与药品说明书要点归纳：本品由三叉苦、金盏银盘、野菊花、岗梅等中药及咖啡因、对乙酰氨基酚、马来酸氯苯那敏等化药组成，具解热镇痛之功，用于感冒引起的头痛、发热、鼻塞流涕、咽痛。用法用量按说明书开水冲服。,感冒灵颗粒为含中西药成分的感冒常用 OTC 制剂，用于感冒头痛发热、鼻塞咽痛。因含对乙酰氨基酚，服药期间不得饮酒或含酒精饮料，不能同时服用与本品成分相似的其他感冒药；因含马来酸氯苯那敏，服药期间不得驾驶机、车、船及高空作业；肝肾功能不全者、孕妇及哺乳期妇女慎用。本条目为中成药，请按说明书或在医师指导下使用。,,
q055,感冒发热，针灸或按摩哪些穴位？,case,ganmaoqingrekeli_001,《中国药典》一部/药品说明书（要点归纳）,解表剂/中成药,感冒清热颗粒·疏风散寒解表清热,据现行版《中国药典》一部与药品说明书要点归纳：本品由荆芥穗、薄荷、防风、柴胡、紫苏叶、葛根、桔梗、苦杏仁、白芷、苦地丁、芦根等组成，具疏风散寒、解表清热之功，用于风寒感冒，症见头痛发热、恶寒身痛、鼻流清涕、咳嗽咽干。用法用量按说明书开水冲服。,感冒清热颗粒为临床常用解表类中成药，用于风寒感冒初起之头痛恶寒、流涕咳嗽。服药期间忌烟、酒及辛辣生冷油腻，不宜同时服用滋补性中药；身体不适应就医。本条目为中成药，请按说明书或在医师指导下使用。,,
q055,感冒发热，针灸或按摩哪些穴位？,case,kangbingdukoufuye_001,《中国药典》一部/药品说明书（要点归纳）,解表剂/中成药,抗病毒口服液·清热祛湿凉血解毒,据现行版《中国药典》一部与药品说明书要点归纳：本品由板蓝根、石膏、芦根、地黄、郁金、知母、石菖蒲、广藿香、连翘等组成，具清热祛湿、凉血解毒之功，用于风热感冒、流感，症见发热、微恶风、有汗口渴、鼻流浊涕、咽喉肿痛、咳吐黄痰。用法用量按说明书口服。,抗病毒口服液为临床常用清热解毒类中成药，用于风热感冒、流感之发热咽痛、流浊涕。本品性偏寒凉，风寒感冒、脾胃虚寒、泄泻者不宜；孕妇及哺乳期妇女慎用。服药期间忌烟酒辛辣，不宜同时服滋补中药；高热不退、喘促者应及时就医。本条目为中成药，请按说明书或在医师指导下使用。,,
q055,感冒发热，针灸或按摩哪些穴位？,case,snb_dadouhuangjuan_001,神农本草经,中经,大豆黄卷,大豆黄卷，味甘，平。主湿痹筋挛膝痛。,大豆黄卷甘平，解表祛暑、清热利湿，主治暑湿感冒、湿温初起、发热汗出胸闷不舒及水肿胀满筋挛膝痛。本经主湿痹筋挛膝痛，取其利湿舒筋之功。,,
q055,感冒发热，针灸或按摩哪些穴位？,case,shanghanxuepai_001,中医各家学说,流派,伤寒学派·以六经辨证阐发伤寒论,"《伤寒论·序》：""余宗族素多，向余二百……伤寒十居其七。""其书以太阳、阳明、少阳、太阴、少阴、厥阴六经统外感伤寒传变，立""观其脉证，知犯何逆，随证治之""之辨治大法。",伤寒学派是中医学史上延续最久、注家最多、影响最深远的医学流派之一，以整理、研究、阐发张仲景《伤寒论》为宗。其学术奠基人为东汉张仲景，撰《伤寒杂病论》确立六经辨证与辨证论治原则。魏晋王叔和搜采编次，使残卷复传；金代成无己首为全注，开以经解经之例；宋代庞安时、朱肱广论寒温；明清以降，方有执、喻昌倡错简重订，柯韵伯、尤在泾、…,,
q055,感冒发热，针灸或按摩哪些穴位？,case,chensiduo_001,中医各家学说,医家,陈士铎·著辨证录石室秘录别开医径,据《辨证录》：是书以证为纲，分述内伤外感、杂证妇儿各门，先列脉证、次辨真伪虚实，再出方药，每证反复推勘，示辨证之法。（其书多托岐伯、天师问答以立论，文辞奇崛。）,"陈士铎，号远公，又号朱华子、大雅堂主人，清代山阴（今浙江绍兴）人，约生活于明末清初康熙年间，生平记载简略。他著述颇丰，传世有《辨证录》《石室秘录》《外经微言》《本草新编》《脉诀阐微》等数种。其书体例独特，多托名""岐伯天师""、吕洞宾等仙真口授，文辞古奥而议论新奇。学术上以《辨证录》最具代表性，该书分证论辨，每证详列脉症、…",,
q055,感冒发热，针灸或按摩哪些穴位？,case,yangmingjingzheng_001,《中医诊断学》规划教材（要点归纳）,辨证,阳明经证·六经辨证·阳明病里热亢盛,"阳明经证是外感病邪入里化热、里热亢盛的阶段。阳明经证（热盛无形）：身大热、大汗出、大烦渴、脉洪大，即""五大""症；阳明腑证（热结有形）：潮热、谵语、腹满硬痛拒按、大便秘结、脉沉实。",阳明经证为外感病里热亢盛阶段，须分经证（无形热盛）与腑证（有形燥结）。高热、神昏、剧烈腹痛、便秘须就医。此为教材要点归纳，供参考；具体诊疗请遵医嘱，不引导自我诊断。,,
q055,感冒发热，针灸或按摩哪些穴位？,case,zaizao_001,《方剂学》规划教材（要点归纳）,解表剂,再造散·助阳益气解表散寒,"传统方歌：""再造散用参芪甘，桂附羌防芎芍参，细辛煨姜大枣入，阳虚外感服之安。""（据教材要点归纳：黄芪、人参、桂枝、熟附子、细辛、羌活、防风、川芎、煨生姜、甘草、芍药、大枣，水煎服。）",再造散为助阳益气、解表散寒之剂，主治素体阳虚、外感风寒之证，症见恶寒重发热轻、无汗肢冷、倦怠嗜卧、面色苍白、脉沉无力。对阴虚外感、血虚外感不宜，应分别选用滋阴、养血解表之剂。本方为要点归纳，供参考；具体用药请遵医嘱。,,
q055,感冒发热，针灸或按摩哪些穴位？,case,qiuzao_001,温病学,温病学,秋燥,清·俞根初《通俗伤寒论》：「秋燥一证，……有温燥、凉燥之殊。」秋燥为秋季感受燥热（或燥凉）病邪、以津气干燥为特征之外感病。（据规划教材《温病学·秋燥》归纳）,秋燥发于秋季，以干咳少痰、咽干鼻燥、皮肤干燥、口渴、苔薄白而燥为特征。初起邪在肺卫：偏于温燥者（久晴无雨、秋阳以曝）桑杏汤辛凉甘润；偏于凉燥者（初凉渐冷）杏苏散辛温润燥。若燥气化火，见身热、喘咳痰少、咽干鼻衄，清燥救肺汤清肺润燥；后期肺胃阴伤，沙参麦冬汤滋养肺胃。本病治宜润，忌苦燥伤津。,,
q055,感冒发热，针灸或按摩哪些穴位？,case,xiaoerxixie_001,《中医儿科学》规划教材（要点归纳）,儿科,小儿泄泻·大便次数增多粪质稀溏,"小儿泄泻是以大便次数增多、粪质稀溏或如水样为主症的脾胃病证。小儿""脾常不足""，易为外感、伤食、正虚所伤。辨证分湿热、风寒、伤食、脾虚、脾肾阳虚等型。",小儿泄泻治疗以运脾化湿为原则。湿热泻清肠解热，风寒泻疏风散寒，伤食泻消食化滞，虚泻健脾温肾。泻下如水样、尿少口渴、皮肤干燥、精神萎靡者须防脱水，及时就医。教材要点归纳，供参考；具体诊疗请遵医嘱。,,
q055,感冒发热，针灸或按摩哪些穴位？,case,fujin_mai_001,《中医诊断学》规划教材（要点归纳）,四诊,浮紧脉·浮脉兼紧主表寒证,浮紧脉是浮脉与紧脉相兼之脉。浮脉轻取即得、主表证；紧脉绷急弹指、如转绳索、主寒证、痛证。浮紧相兼，主外感风寒表寒证，临床兼见恶寒重、发热轻、无汗、头身疼痛。,浮紧脉主表寒证，提示风寒外束、卫阳被遏。须结合舌象（苔薄白）与全身症状判断表寒表热。此为教材要点归纳，供参考；具体诊疗请遵医嘱，不引导自我诊断。,,
q055,感冒发热，针灸或按摩哪些穴位？,case,yupingfeng_001,《方剂学》规划教材（要点归纳）,补益剂,玉屏风散·益气固表止汗,"传统方歌：""玉屏风散最有灵，芪术防风鼎足形，表虚汗多易感冒，益气固表自安宁。""（据教材要点归纳：防风一两、黄芪二两、白术二两，研末每服约三钱，水煎服。）",玉屏风散为益气固表止汗之代表方，主治表虚自汗、易感风邪，症见汗出恶风、面色㿠白、舌淡脉浮虚。本方补散兼施，对阴虚盗汗、外感自汗不宜。本方为要点归纳，供参考；具体用药请遵医嘱。,,
q055,感冒发热，针灸或按摩哪些穴位？,case,chengzhongling_001,医学心悟,咳嗽门,程钟龄·止嗽散治咳案,某，外感后咳嗽迁延，咽痒痰咯不爽，微恶风。程氏谓肺为娇脏，畏热畏寒，用药宜温润平和，创制止嗽散，以紫菀、百部、白前、桔梗、陈皮、荆芥、甘草温润宣肺，味苦平不寒不热。,此案为程钟龄创制止嗽散之依据。辨外感后久咳属肺失宣降、寒温夹杂，主以温润平和、宣肺止咳，使肺气得宣、咳自止。止嗽散药性平和，流传甚广，为治咳名方。,,
q055,感冒发热，针灸或按摩哪些穴位？,case,taiyangjingzheng_001,《中医诊断学》规划教材（要点归纳）,辨证,太阳经证·六经辨证·太阳病表证,太阳经证是外感病初期邪正交争于体表的阶段。临床表现：恶寒、发热、头项强痛、脉浮。分两型：太阳中风（表虚证）：发热、恶风、自汗、脉浮缓；太阳伤寒（表实证）：恶寒、发热、无汗、身痛、脉浮紧。,太阳经证为外感病初起表证，以恶寒、发热、头项强痛、脉浮为辨证要点。高热、神昏、喘促须就医。此为教材要点归纳，供参考；具体诊疗请遵医嘱，不引导自我诊断。,,
q055,感冒发热，针灸或按摩哪些穴位？,case,jiang_she_001,《中医诊断学》规划教材（要点归纳）,四诊,绛舌·舌色深红主热入营血,绛舌指舌色深红，较红舌更深。主热盛。外感病中舌绛为热入营血；内伤杂病中舌绛少苔多属阴虚火旺。舌绛而干燥多为热盛伤阴；舌绛而光亮如镜为胃阴大伤。,绛舌为热盛重证，须结合苔之有无润燥辨热入营血与阴虚火旺。高热、神昏、斑疹、出血者须立即就医。此为教材要点归纳，供参考；具体诊疗请遵医嘱，不引导自我诊断。,,
q055,感冒发热，针灸或按摩哪些穴位？,case,xinbao_001,《中医基础理论》规划教材（要点归纳）,藏象,心包·心外围护组织代心受邪,心包，又称心包络、膻中，是心外围的包膜，有保护心、代心行事、代心受邪的作用。外感热病中，邪入心包多出现神昏、谵语等神志症状。手厥阴心包经与手少阳三焦经相表里。,"心包为心之外围，代心受邪。温病学""热入心包""证即指邪陷心包、神昏谵语，治以清心开窍。理解心包概念，有助于把握心主神明与温病传变的关系。本条为基础理论，不涉及具体诊疗。",,
q055,感冒发热，针灸或按摩哪些穴位？,case,chuanxiongchatiaowan_001,《中国药典》一部/药品说明书（要点归纳）,解表剂/中成药,川芎茶调丸·疏风止痛,据现行版《中国药典》一部与药品说明书要点归纳：本品由川芎、白芷、羌活、细辛、防风、薄荷、荆芥、甘草等组成，具疏风止痛之功，用于外感风邪所致头痛，或有恶寒、发热、鼻塞。用法用量按说明书清茶送服。,川芎茶调丸为古方川芎茶调散改制的常用疏风止痛类中成药，用于外感风邪之偏正头痛、恶寒鼻塞。方中含细辛、羌活，辛温升散，气虚、血虚、肝阳上亢、高血压引起的头痛不宜，孕妇慎服。本条目为中成药，请按说明书或在医师指导下使用。,,
q055,感冒发热，针灸或按摩哪些穴位？,case,ganmao_002,中医临床诊疗指南/专家共识（要点归纳）,现代中医,感冒·辨证论治要点,据现行中医内科常见病诊疗指南：感冒以卫表不和、肺失宣肃为基本病机，辨证首分风寒、风热，兼辨暑湿、气虚、阴虚等兼证；风寒束表治宜辛温解表，风热犯表治宜辛凉解表。（要点归纳，非原文照录。）,感冒为外感风邪犯表之常见病证，指南要点：以鼻塞、流涕、恶寒发热、头痛、脉浮为主症，辨证分风寒（重、荆防败毒散类）与风热（轻、银翘散类）两大型，结合兼夹施治；配合休息、多饮水、避风寒等调护。本条目为要点归纳，供参考；具体诊疗请遵医嘱。,,
q055,感冒发热，针灸或按摩哪些穴位？,case,wenyi_001,温病学,温病学,温疫,明·吴又可《温疫论》：「温疫之为病，非风非寒非暑非湿，乃天地间别有一种异气所感。」温疫为感受疠气、具有强烈传染性、流行快、病情暴烈之外感热病。（据规划教材《温病学·温疫》归纳）,温疫由疠气（异气）从口鼻而入，沿门阖户、老少相似、传染迅速。初起邪伏膜原，憎寒壮热、发无定时、苔白厚如积粉，达原饮直达膜原、辟秽化浊；邪溃内传，三消饮分消表里；热毒充斥气血、斑疹神昏者，清瘟败毒饮大清气血之热毒。治疗强调客邪贵乎早逐，急下存阴，并注意隔离防疫。,,
q055,感冒发热，针灸或按摩哪些穴位？,case,xiaoerkesou_001,《中医儿科学》规划教材（要点归纳）,儿科,小儿咳嗽·以咳嗽为主症的肺系疾患,小儿咳嗽是因感受外邪或脏腑功能失调引起肺失宣肃、肺气上逆所致，以咳嗽为主症。小儿脾常不足，易生痰，故咳嗽多兼痰。辨证分外感（风寒、风热）与内伤（痰热、痰湿、阴虚、气虚）两大类。,小儿咳嗽辨证分外感与内伤：外感咳嗽宜疏风宣肺，内伤咳嗽宜调理脏腑化痰。咳嗽伴高热、气促鼻煽、喘憋者须排除肺炎，及时就医。教材要点归纳，供参考；具体诊疗请遵医嘱。,,
q055,感冒发热，针灸或按摩哪些穴位？,case,toutong_002,中医临床诊疗指南/专家共识（要点归纳）,现代中医,头痛·辨证论治要点,据现行中医内科常见病诊疗指南：头痛辨证首分外感与内伤；外感头痛多属实证，治以疏风散寒、清热、祛湿止痛；内伤头痛分肝阳、血虚、痰浊、瘀血等型，肝阳上亢者治宜平肝潜阳。（要点归纳，非原文照录。）,头痛以自觉头部疼痛为主症，指南要点：辨证分外感与内伤——外感头痛起病较急、病程短，多属实证，分风寒、风热、风湿，治以疏风祛邪止痛；内伤头痛起病缓慢、反复发作，分肝阳头痛（治宜平肝潜阳息风）、血虚头痛（养血滋阴）、痰浊头痛（化痰降逆）、瘀血头痛（活血化瘀）。临证须结合头痛部位分经用药、警惕颅内病变，配合调情志、避风寒、规…,,
q055,感冒发热，针灸或按摩哪些穴位？,case,feiyanchuansou_001,《中医儿科学》规划教材（要点归纳）,儿科,肺炎喘嗽·发热咳嗽气促鼻煽,肺炎喘嗽是小儿时期常见的肺系病证，以发热、咳嗽、痰壅、气促、鼻煽为主要症状。病因多为外感风邪、内犯于肺，致肺气郁闭。辨证分风热闭肺、风寒闭肺、痰热闭肺、毒热闭肺及恢复期阴虚肺热、肺脾气虚等型。,肺炎喘嗽为小儿重证，治疗以宣肺开闭、化痰平喘为大法。凡高热不退、喘憋鼻煽、口唇紫绀、精神萎靡者须立即就医。教材要点归纳，供参考；具体诊疗请遵医嘱。,,
q055,感冒发热，针灸或按摩哪些穴位？,case,buzhongyiqi_001,《方剂学》规划教材（要点归纳）,补益剂,补中益气汤·补中益气升阳举陷,"传统方歌：""补中益气芪术陈，升柴参草当归身，虚劳内伤功独擅，亦治阳虚外感因。""（《内外伤辨惑论》方，据教材要点归纳：黄芪约一钱、人参约三分、白术、炙甘草各约五分，当归、陈皮各约二分，升麻、柴胡各约二分，水煎服。）",补中益气汤为补气升阳、甘温除热之代表方，主治脾胃气虚及气虚下陷证，症见食少体倦、少气懒言、久泻脱肛、内脏下垂；亦治气虚发热之证。阴虚火旺、表证发热者不宜。本方为要点归纳，供参考；具体用药请遵医嘱。,,
q055,感冒发热，针灸或按摩哪些穴位？,case,chanhoufare_001,《中医妇科学》规划教材（要点归纳）,妇科,产后发热·产褥期内发热持续不退,产后发热是指产褥期内，出现发热持续不退，或突然高热寒战，并伴有其他症状者。病因多为感染邪毒、外感、血瘀、血虚等。辨证常见感染邪毒、外感、血瘀、血虚等型。治法以清热解毒、养血祛风、活血化瘀、补益气血为主。,产后发热须重视，尤以感染邪毒（产褥感染）为危急，多见高热寒战、恶露臭秽、腹痛拒按，须及时就医抗感染。中医分感染邪毒（五味消毒饮）、血瘀（生化汤）、血虚（八珍汤）等论治。高热不退、神昏者须立即送医。本条目为教材要点归纳，供参考；具体诊疗请遵医嘱。,,
q055,感冒发热，针灸或按摩哪些穴位？,case,fufangcaoshanhouhanpian_001,《中国药典》一部/药品说明书（要点归纳）,清热剂/中成药,复方草珊瑚含片·疏风清热消肿止痛清利咽喉,据现行版《中国药典》一部与药品说明书要点归纳：本品由肿节风（草珊瑚）、薄荷脑、薄荷素油等组成，具疏风清热、消肿止痛、清利咽喉之功，用于外感风热所致咽喉肿痛、声哑失音；急性咽喉炎见上述证候者。用法用量按说明书含服。,复方草珊瑚含片为常用局部含服咽喉类中成药，用于外感风热之咽喉肿痛、声哑失音，可缓解咽部不适。本品为含服剂，不宜吞服；风寒咽痛、脾胃虚寒便溏者慎用。服药期间忌烟酒辛辣鱼腥；咽喉肿痛剧烈、高热、吞咽或呼吸困难者应及时就医。本条目为中成药，请按说明书或在医师指导下使用。,,
q055,感冒发热，针灸或按摩哪些穴位？,case,wangbi_001,《中医诊断学》规划教材（要点归纳）,四诊,望鼻·鼻之色泽形态鼻涕,望鼻是观察鼻之色泽形态及鼻涕。鼻为肺之窍，属脾经。鼻端色赤为脾肺蕴热；鼻端色青为阴寒腹痛；鼻端晦暗枯槁为胃气已衰；鼻涕清稀为外感风寒；鼻涕黄稠为外感风热；鼻翼煽动为肺热喘促。,鼻为肺窍，鼻之色泽形态鼻涕反映肺与脾胃寒热。鼻翼煽动、鼻衄不止、鼻柱溃烂须就医。此为教材要点归纳，供参考；具体诊疗请遵医嘱，不引导自我诊断。,,
q055,感冒发热，针灸或按摩哪些穴位？,case,jizhijiangtang_001,《中国药典》一部/药品说明书（要点归纳）,止咳/外妇儿/中成药,急支糖浆·清热化痰宣肺止咳,据现行版《中国药典》一部与药品说明书要点归纳：本品由鱼腥草、金荞麦、四季青、麻黄、紫菀、前胡、枳壳、甘草等组成，具清热化痰、宣肺止咳之功，用于外感风热所致咳嗽，症见发热恶寒、胸膈满闷、咳嗽咽痛。用法用量按说明书。,急支糖浆为清热化痰类止咳中成药，用于外感风热急性咳嗽。含麻黄，高血压、心脏病患者慎用；咳嗽迁延不愈或高热喘促者应就医。本条目为中成药，请按说明书或在医师指导下使用。,,
q055,感冒发热，针灸或按摩哪些穴位？,case,shechuan_001,《中医皮肤性病学》规划教材（要点归纳）,皮肤,蛇串疮·带状疱疹,蛇串疮是皮肤上出现簇集水疱、沿一侧周围神经呈带状分布、伴剧烈疼痛的急性疱疹性皮肤病，相当于西医带状疱疹。多由肝经郁火或脾湿郁久、湿热内蕴、外感毒邪引起。辨证分肝经郁热、脾虚湿蕴、气滞血瘀等型。,蛇串疮早期宜清肝泻火、凉血解毒；后遗神经痛多属气滞血瘀，宜理气活血。头面部、眼部受累或伴发热者须尽早就医。教材要点归纳，供参考；具体诊疗请遵医嘱。,,
q055,感冒发热，针灸或按摩哪些穴位？,case,snb_manjingshi_001,神农本草经,上经,蔓荆实,蔓荆实，味苦，微寒。主筋骨间寒热，湿痹拘挛，明目坚齿，利九窍，去白虫。久服，轻身耐老。小荆实亦等。生山川。,蔓荆实（蔓荆子）辛苦微寒，疏散风热、清利头目，主治风热感冒头痛、齿龈肿痛、目赤多泪及头晕目眩。,,
q055,感冒发热，针灸或按摩哪些穴位？,case,juhoutankele_001,《中国药典》一部/药品说明书（要点归纳）,止咳/外妇儿/中成药,橘红痰咳液·理气祛痰润肺止咳,据现行版《中国药典》一部与药品说明书要点归纳：本品由化橘红、百部、茯苓、半夏、白前、甘草、苦杏仁、五味子组成，具理气祛痰、润肺止咳之功，用于感冒、支气管炎、咽喉炎引起的痰多咳嗽、气喘。用法用量按说明书口服。,橘红痰咳液为理气祛痰、润肺止咳类中成药，用于痰湿咳嗽、痰多气喘。本品含苦杏仁，不宜过量久服；风热咳嗽、阴虚燥咳者不宜；服药期间忌辛辣油腻。本条目为中成药，请按说明书或在医师指导下使用。,,
q055,感冒发热，针灸或按摩哪些穴位？,case,ganmao_001,中医内科学,肺系病证,感冒,《素问·骨空论》：「风者百病之始也……风从外入，令人振寒，汗出头痛，身重恶寒。」 《伤寒论》以麻黄汤、桂枝汤开创外感风寒辨证论治先河。北宋·杨仁斋《仁斋直指方·诸风》始见「感冒」之名。（据规划教材《中医内科学·肺系病证·感冒》归纳）,感冒系外感风邪或时行病毒、客于肺卫，卫表不和、肺失宣肃所致，以鼻塞、流涕、喷嚏、头痛、恶寒发热、脉浮为特征，为时令外感病，时行感冒具传染性、病情较重。辨证首察表实表虚与兼夹：风寒束表（荆防达表汤辛温解表）、风热犯表（银翘散辛凉解表）、暑湿伤表（新加香薷饮清暑祛湿）；虚体感冒分气虚（参苏饮益气解表）、阴虚（加减葳蕤汤滋阴…,,
q055,感冒发热，针灸或按摩哪些穴位？,case,snb_fangfeng_001,神农本草经,上经,防风,防风，味甘，温。主大风头眩痛，恶风风邪，目盲无所见，风行周身，骨节疼痹烦满。久服，轻身。一名铜芸。生川泽。,防风辛甘微温，祛风解表、胜湿止痛、止痉，主治感冒头痛、风湿痹痛、风疹瘙痒及破伤风，为风药中之润剂。,,
q055,感冒发热，针灸或按摩哪些穴位？,case,kuxuanshen_001,中国药典（2025年版）一部,清热药,苦玄参,据《中国药典》2025 年版一部：苦玄参为玄参科植物苦玄参 Picria fel-terrae Lour. 的干燥全草（药用部位：全草）。性味苦，寒；归肺、胃、肝经。功能与主治：清热解毒，消肿止痛；用于风热感冒，咽喉肿痛，胃痛，痢疾，跌打损伤。用法与用量：6～9g。外用适量。贮藏：置干燥处。,**简明**：苦玄参苦寒，清热解毒而消肿止痛，为治咽痛、胃痛的常用药。。**详解**：风热感冒、咽喉肿痛配板蓝根、连翘；胃痛配延胡索、香附；痢疾配黄连、白头翁；跌打损伤配三七捣敷。脾胃虚寒者慎用。,,
q055,感冒发热，针灸或按摩哪些穴位？,case,feiqixu_yinxu_001,中医诊断学,辨证,肺气虚证与肺阴虚证,肺病虚证类。据规划教材《中医诊断学》归纳：肺气虚证以咳喘无力、气短、痰液清稀、自汗畏风、易于感冒、面色淡白、舌淡苔白、脉虚为要点；肺阴虚证以干咳无痰或痰少而黏、不易咯出、口燥咽干、形体消瘦、五心烦热、潮热盗汗、舌红少苔、脉细数为要点。,肺气虚治宜补益肺气；肺阴虚治宜滋阴润肺。二者均见咳嗽久延。鉴别眼目：气虚证兼咳喘无力、痰稀、自汗畏风易感冒、舌淡脉虚，属气虚；阴虚证兼干咳少痰、咽干、潮热盗汗、舌红少苔脉细数，属阴虚内热。肺病虚证常影响及脾（土不生金）或肾（肾不纳气），须兼顾。,,
q055,感冒发热，针灸或按摩哪些穴位？,case,fengjingyou_001,《中国药典》一部/药品说明书（要点归纳）,止咳/外妇儿/中成药,风油精·清凉止痛驱风止痒,据现行版《中国药典》一部与药品说明书要点归纳：本品由薄荷脑、樟脑、桉油、丁香酚、水杨酸甲酯等制成外用油剂，具清凉、止痛、驱风、止痒之功，用于蚊虫叮咬及伤风感冒引起的头痛、头晕、晕车不适。用法用量按说明书，外用涂擦于患处或太阳穴。,风油精为清凉止痛、驱风止痒的外用药，用于蚊虫叮咬、伤风头痛头晕及晕车不适。本品以风外用为主，严禁入眼；皮肤烫伤、损伤及溃疡处禁用，孕妇和3岁以下儿童慎用，过敏体质者先小面积试用。涂后如皮肤刺激明显应停用清洗；头痛剧烈或持续不缓解者应就医。本条目为中成药，请按说明书或在医师指导下使用。,,
q055,感冒发热，针灸或按摩哪些穴位？,case,ganmaoshifengwan_001,《中国药典》一部/药品说明书（要点归纳）,解表剂/中成药,感冒疏风丸·辛温解表宣肺和中,据现行版《中国药典》一部与药品说明书要点归纳：本品由麻黄、桂枝、白芍、苦杏仁、防风、紫苏叶、独活、桔梗、谷芽、陈皮、生姜、大枣、甘草等组成，具辛温解表、宣肺和中之功，用于风寒感冒，症见发热咳嗽、头痛怕冷、鼻流清涕、骨节酸痛、四肢疲倦。用法用量按说明书口服。,感冒疏风丸为临床常用辛温解表类中成药，用于风寒感冒之头痛怕冷、鼻塞清涕、骨节酸痛、四肢倦怠。方含麻黄、桂枝，高血压、心脏病患者及运动员慎用；风热感冒（咽痛黄涕、发热重）不宜。服药期间忌烟酒辛辣生冷油腻，不宜同时服滋补中药；高热不退、喘促者应就医。本条目为中成药，请按说明书或在医师指导下使用。,,
q055,感冒发热，针灸或按摩哪些穴位？,case,dandouchi_001,中国药典（2025年版）一部,解表药,淡豆豉,据《中国药典》2025 年版一部：淡豆豉为豆科植物大豆 Glycine max (L.) Merr. 的成熟种子的发酵加工品（药用部位：发酵加工品）。性味苦、辛，凉；归肺、胃经。功能与主治：解表，除烦，宣发郁热；用于感冒，寒热头痛，烦躁胸闷，虚烦不眠。用法与用量：6～12g。贮藏：置通风干燥处，防蛀。,**简明**：淡豆豉苦辛凉，解表除烦、宣发郁热，主治外感寒热头痛及热病虚烦不眠。**详解**：风寒感冒配葱白（葱豉汤），风热感冒配薄荷、连翘（银翘散）；热扰胸膈虚烦懊憹配栀子（栀子豉汤）。发汗力缓和，无论风寒风热皆可配用。,,
q055,感冒发热，针灸或按摩哪些穴位？,case,snb_xixin_001,神农本草经,上经,细辛,细辛，味辛，温。主咳逆头痛，脑动，百节拘挛，风湿痹痛，死肌。久服，明目利九窍，轻身长年。一名小辛。生山谷。,细辛辛温，解表散寒、祛风止痛、通窍、温肺化饮，主治风寒感冒、头痛牙痛、鼻塞鼻渊、风湿痹痛及痰饮咳喘。用量宜轻，反藜芦。,,
q055,感冒发热，针灸或按摩哪些穴位？,case,tongxuanlifeiwan_001,《中国药典》一部/药品说明书（要点归纳）,解表剂/中成药,通宣理肺丸·解表散寒宣肺止嗽,据现行版《中国药典》一部与药品说明书要点归纳：本品由紫苏叶、前胡、桔梗、苦杏仁、麻黄、甘草、陈皮、半夏（制）、茯苓、枳壳（炒）、黄芩等组成，具解表散寒、宣肺止嗽之功，用于风寒感冒咳嗽，症见发热恶寒、鼻塞流涕、咳嗽、喷嚏、头痛、无汗、肢体酸痛。用法用量按说明书口服。,通宣理肺丸为临床常用辛温解表、宣肺止咳类中成药，用于风寒感冒兼咳嗽、鼻塞流涕、恶寒无汗。方中含麻黄，高血压、心脏病患者及运动员慎用；风热或痰热咳嗽、阴虚干咳不宜。服药期间忌烟酒辛辣油腻，不宜同时服滋补中药；服药后症状加重或发热不退应就医。本条目为中成药，请按说明书或在医师指导下使用。,,
q055,感冒发热，针灸或按摩哪些穴位？,case,mujingye_001,中国药典（2025年版）一部,化痰止咳平喘药,牡荆叶,据《中国药典》2025 年版一部：牡荆叶为马鞭草科植物牡荆 Vitex negundo L. var. cannabifolia (Sieb. et Zucc.) Hand.-Mazz. 的干燥叶（药用部位：叶）。性味微苦、辛，平；归肺经。功能与主治：祛痰止咳，平喘；用于咳嗽痰多，气喘，感冒。用法与用量：9～15g，鲜…,**简明**：牡荆叶微苦辛平，祛痰止咳而平喘，为治咳嗽痰多、气喘的常用药（牡荆油为主药）。。**详解**：咳嗽痰多配桔梗、前胡；气喘配麻黄、杏仁；感冒配苏叶、防风。,,
q055,感冒发热，针灸或按摩哪些穴位？,case,xingsusan_001,《方剂学》规划教材（要点归纳）,治燥剂,杏苏散·轻宣凉燥,"传统方歌：""杏苏散内夏陈前，枳桔苓草姜枣研，轻宣温润治凉燥，咳止痰化病自痊。""（《温病条辨》方，据教材要点归纳：苏叶、杏仁、半夏、茯苓、前胡、桔梗、枳壳、橘皮、甘草、生姜、大枣各约常用量，水煎服。）",杏苏散为轻宣凉燥代表方，主治外感凉燥，症见恶寒无汗、咳嗽痰稀、鼻塞咽干。本方为要点归纳，供参考；具体用药请遵医嘱。,,
q055,感冒发热，针灸或按摩哪些穴位？,case,husui_001,《中药学》（清华社）· 药典外品种,解表药,胡荽,据清华社《中药学》：胡荽为伞形科植物芫荽 Coriandrum sativum L. 的干燥带根全草（药用部位：带根全草）。性味辛，温；归肺、胃经。功能与主治：发表透疹，开胃消食；用于麻疹不透，感冒无汗，食积纳呆。用法与用量：9～15g，鲜品 30～60g；或煎汤外洗。外用适量。贮藏：置阴凉干燥处。,**简明**：胡荽辛温，发表透疹而开胃消食，为治麻疹不透与食积的常用药。。**详解**：麻疹不透配蝉蜕、薄荷煎服或煎汤外洗；感冒无汗配苏叶、生姜；食积纳呆配山楂、神曲。,,
q055,感冒发热，针灸或按摩哪些穴位？,case,snb_mahuang_001,神农本草经,中经,麻黄,麻黄，味苦，温。主中风伤寒头痛，温疟，发表出汗，去邪热气，止咳逆上气，除寒热，破症坚积聚。,麻黄辛温发散，为发汗解表、宣肺平喘之要药，主治外感风寒表实无汗、咳嗽气喘及风水水肿。本经兼主症坚积聚，取其温通破滞之功。,,
q055,感冒发热，针灸或按摩哪些穴位？,case,snb_gegen_001,神农本草经,中经,葛根,葛根，味甘，平。主消渴，身大热，呕吐，诸痹，起阴气，解诸毒。,葛根甘辛凉，解肌退热、生津止渴、升阳止泻，主治外感发热头痛项强、热病口渴、麻疹不透及脾虚泄泻。本经主消渴、身热、起阴气，皆取其升散生津之功。,,
q055,感冒发热，针灸或按摩哪些穴位？,case,snb_lianqiao_001,神农本草经,下经,连翘,连翘，味苦，平。主寒热，鼠瘘瘰疬，痈肿恶疮，瘿瘤结热，蛊毒。生川谷。,"连翘苦寒，清热解毒、消肿散结，兼疏散上焦风热，有""疮家圣药""之称，主治痈肿疮毒、瘰疬痰核、风热外感、温病初起及热淋涩痛。脾胃虚寒及气虚脓清者不宜久服。",,
q055,感冒发热，针灸或按摩哪些穴位？,case,jingjiesui_001,中国药典（2025年版）一部,解表药,荆芥穗,据《中国药典》2025 年版一部：荆芥穗为唇形科植物荆芥 Schizonepeta tenuifolia Briq. 的干燥花穗（药用部位：花穗）。性味辛，微温；归肺、肝经。功能与主治：解表散风，透疹，消疮；用于感冒，头痛，麻疹不透，风疹瘙痒，疮疡初起兼有表证者。炒炭用于便血、崩漏、产后血晕。用法与用量：5～10g。贮…,**简明**：荆芥穗辛微温，解表散风而透疹消疮，为治感冒头痛与麻疹风疹的常用药，炒炭止血。。**详解**：感冒头痛配防风、羌活；麻疹不透配蝉蜕、薄荷；风疹瘙痒配苦参、白蒺藜；炒炭治便血崩漏。,,
q055,感冒发热，针灸或按摩哪些穴位？,case,congbai_001,《中药学》（清华社）· 药典外品种,解表药,葱白,据清华社《中药学》：葱白为百合科植物葱 Allium fistulosum L. 的鳞茎（药用部位：鳞茎）。性味辛，温；归肺、胃经。功能与主治：发汗解表，散寒通阳；用于风寒感冒，阴盛格阳，腹痛下利，小便不利。用法与用量：3～10g，煎服或捣汁冲服。外用适量，捣敷或炒热外熨。贮藏：鲜用或置阴凉处。,**简明**：葱白辛温，发汗解表而散寒通阳，为治风寒感冒与阴寒腹痛的常用药（葱豉汤主药）。。**详解**：风寒感冒配豆豉（葱豉汤）、生姜；阴盛格阳、腹痛下利配附子、干姜（白通汤类）；小便不利可外用敷脐。,,
q055,感冒发热，针灸或按摩哪些穴位？,case,ziqiguanzhong_001,中国药典（2025年版）一部,驱虫药,紫萁贯众,据《中国药典》2025 年版一部：紫萁贯众为紫萁科植物紫萁 Osmunda japonica Thunb. 的干燥根茎和叶柄残基（药用部位：根茎和叶柄残基）。性味苦、涩，微寒；有小毒；归肝、胃经。功能与主治：清热解毒，杀虫，止血；用于时疫感冒，风热头痛，温毒发斑，蛔虫病，蛲虫病，崩漏下血。用法与用量：4.5～9g。外用…,**简明**：紫萁贯众苦涩微寒有小毒，清热解毒而杀虫止血，为治时疫感冒、虫积与崩漏的常用药。。**详解**：时疫感冒、风热头痛配板蓝根、连翘；蛔虫蛲虫病配使君子、槟榔；崩漏下血炒炭配茜草、艾叶。**有小毒**，孕妇慎用。,,
q055,感冒发热，针灸或按摩哪些穴位？,case,zuoguiwan_002,《中国药典》一部/药品说明书（要点归纳）,补益剂/中成药,左归丸·滋肾补阴,据现行版《中国药典》一部与药品说明书要点归纳：本品由熟地黄、菟丝子、牛膝、龟板胶、鹿角胶、山药、山茱萸、枸杞子组成，具滋肾补阴之功，用于真阴不足，腰酸膝软，盗汗，神疲口燥。用法用量按说明书口服。,左归丸为纯补真阴类中成药，用于真阴不足之腰酸膝软、盗汗神疲。本方滋腻厚重，脾虚便溏、痰湿内盛者慎用；感冒期间停服。本条目为中成药，请按说明书或在医师指导下使用。,,
q055,感冒发热，针灸或按摩哪些穴位？,case,snb_guanzhong_001,神农本草经,下经,贯众,贯众，味苦，微寒。主腹中邪热气，诸毒，杀三虫。一名贯节。生山谷。,贯众苦微寒有小毒，清热解毒、凉血止血、杀虫，主治风热感冒、温热斑疹、吐血衄血、崩漏便血及肠道寄生虫（绦虫、钩虫等）。其有小毒，脾胃虚寒及孕妇慎用，驱虫宜空腹煎服，不宜大量久服。,,
q055,感冒发热，针灸或按摩哪些穴位？,case,muzei_001,中国药典（2025年版）一部,解表药,木贼,据《中国药典》2025 年版一部：木贼为木贼科植物木贼 Equisetum hiemale L. 的干燥地上部分（药用部位：地上部分）。性味甘、苦，平；归肺、肝经。功能与主治：疏散风热，明目退翳；用于风热目赤，迎风流泪，目生云翳。用法与用量：3～9g。贮藏：置干燥处。,**简明**：木贼甘苦平，疏散风热、明目退翳，主治风热目赤、迎风流泪、目生云翳。**详解**：目赤翳障配菊花、蝉蜕、谷精草；迎风流泪配苍术、防风；兼有疏散表邪之功，可与薄荷、桑叶同用治风热感冒目疾。,,
q055,感冒发热，针灸或按摩哪些穴位？,case,anshouzu_001,《中医诊断学》规划教材（要点归纳）,四诊,按手足·手足温凉辨阳衰阳盛,按手足是用手触按患者手足，通过探察手足的温凉变化以辨别阴阳盛衰、寒热真假的诊法。手足俱冷多属阳虚寒盛或阴寒内盛；手足心热多属阴虚内热或内热；手足背热多属外感发热；手足心热甚于手足背多属内伤发热。,按手足以温凉辨阴阳：手足俱冷属阳虚寒盛，手足心热属阴虚内热，背热多外感、心热多内伤。此为教材要点归纳，供参考；具体诊疗请遵医嘱，不引导自我诊断。,,
q055,感冒发热，针灸或按摩哪些穴位？,case,choulingdancao_001,中国药典（2025年版）一部,清热药,臭灵丹草,据《中国药典》2025 年版一部：臭灵丹草为菊科植物臭灵丹 Laggera pterodonta (DC.) Benth. 的干燥地上部分（药用部位：地上部分）。性味辛、苦，寒；有小毒；归肺经。功能与主治：清热解毒，止咳祛痰；用于风热感冒，咽喉肿痛，肺热咳嗽。用法与用量：9～15g。外用适量。注意：本品有小毒，孕妇慎用…,**简明**：臭灵丹草辛苦寒有小毒，清热解毒而止咳祛痰，为云南地区治风热感冒、肺热咳嗽的常用药。。**详解**：风热感冒配金银花、连翘；咽喉肿痛配板蓝根、射干；肺热咳嗽配黄芩、前胡。**有小毒**，不宜过量久服；孕妇慎用。,,
q055,感冒发热，针灸或按摩哪些穴位？,case,yanbaicai_001,中国药典（2025年版）一部,化痰止咳平喘药,岩白菜,据《中国药典》2025 年版一部：岩白菜为虎耳草科植物岩白菜 Bergenia purpurascens (Hook. f. et Thoms.) Engl. 的干燥全草（药用部位：全草）。性味甘，凉；归肺经。功能与主治：止咳化痰，平喘；用于慢性支气管炎，肺热咳嗽，气喘。用法与用量：9～15g。贮藏：置干燥处。,**简明**：岩白菜甘凉，止咳化痰而平喘，为治慢性支气管炎咳嗽气喘的常用药。。**详解**：肺热咳嗽配黄芩、桑白皮；久咳气喘配款冬花、紫菀；现代常制成岩白菜片用。外感风寒咳嗽不宜。,,
q055,感冒发热，针灸或按摩哪些穴位？,case,cangercao_001,《中药学》（清华社）· 药典外品种,解表药,苍耳草,据清华社《中药学》：苍耳草为菊科植物苍耳 Xanthium sibiricum Patr. 的干燥全草（药用部位：全草）。性味苦、辛，凉；有小毒；归肺、肝经。功能与主治：祛风散热，除湿解毒；用于感冒头痛，风湿痹痛，疮疡肿毒，皮肤瘙痒。用法与用量：6～15g。外用适量。注意：本品有小毒，不宜过量。贮藏：置通风干燥处。,**简明**：苍耳草苦辛凉有小毒，祛风散热而除湿解毒，为苍耳之全草，治感冒头痛与疮疡。。**详解**：感冒头痛配白芷、防风；风湿痹痛配威灵仙、苍术；疮疡肿毒配蒲公英；皮肤瘙痒煎水外洗。**有小毒**，不宜过量久服。,,
q055,感冒发热，针灸或按摩哪些穴位？,case,xiaoyaowan_001,《中国药典》一部/药品说明书（要点归纳）,理血/止咳/中成药,逍遥丸·疏肝健脾养血调经,据现行版《中国药典》一部与药品说明书要点归纳：本品由柴胡、当归、白芍、白术、茯苓、炙甘草、薄荷、生姜组成，具疏肝健脾、养血调经之功，用于肝郁脾虚所致郁闷不舒、胸胁胀痛、头晕目眩、食欲减退、月经不调。用法用量按说明书口服。,逍遥丸为疏肝健脾、养血调经常用中成药，用于肝郁脾虚之郁闷不舒、胸胁胀痛、月经不调。服药期间忌气恼劳碌，忌食生冷油腻；感冒期间不宜服用。本条目为中成药，请按说明书或在医师指导下使用。,,
q055,感冒发热，针灸或按摩哪些穴位？,case,fengxie_001,《中医基础理论》规划教材（要点归纳）,病因病机,风邪·风为阳邪善行而数变为百病之长,风邪为六淫之首，其性开泄，善动不居。致病特点：风为阳邪，其性轻扬开泄，易袭阳位（头面肌表）；善行数变，病位游走不定、发病急变化快；风为百病之长，常兼他邪（寒、湿、热）合邪伤人；风主动，常见震颤、抽搐、眩晕等动摇症状。,风邪为外感病先导，具有轻扬开泄、善行数变、兼他邪、主动等特点。临床见头痛汗出、游走关节痛、风疹瘙痒、眩晕抽搐等多从风论治。本条为病因基础理论，不涉及具体诊疗。,,
q055,感冒发热，针灸或按摩哪些穴位？,case,snb_shuiping_001,神农本草经,下经,水萍,水萍，味辛，寒。主暴热，身痒，下水气，胜酒，长须发，止消渴。生池泽。,水萍即今之浮萍，辛寒，发汗解表、透疹止痒、利水消肿，主治外感风热发热无汗、麻疹不透、风疹瘙痒及水肿尿少。其发汗之力较强，自汗、体虚及皮肤干燥者慎用，不宜久服过量。,,
q055,感冒发热，针灸或按摩哪些穴位？,case,hamayou_001,中国药典（2025年版）一部,补虚药,哈蟆油,据《中国药典》2025 年版一部：哈蟆油为蛙科动物中国林蛙 Rana temporaria chensinensis David 雌蛙的输卵管，经采制干燥（药用部位：输卵管）。性味甘、咸，平；归肺、肾经。功能与主治：补肾益精，养阴润肺；用于病后体弱，神疲乏力，心悸失眠，盗汗，痨嗽咳血。用法与用量：5～15g，用水浸泡，…,**简明**：哈蟆油甘咸平，补肾益精而养阴润肺，为病后体虚、肺肾阴虚的滋补佳品。。**详解**：病后体弱、神疲乏力配人参、黄芪；阴虚盗汗、痨嗽咳血配百合、麦冬、川贝母。外感初起、痰湿内盛者慎用。,,
q055,感冒发热，针灸或按摩哪些穴位？,case,fenge_001,中国药典（2025年版）一部,解表药,粉葛,据《中国药典》2025 年版一部：粉葛为豆科植物甘葛藤 Pueraria thomsonii Benth. 的干燥根（药用部位：根）。性味甘、辛，凉；归脾、胃经。功能与主治：解肌退热，生津止渴，升阳止泻；用于外感发热，项背强痛，热病口渴，阴虚消渴，脾虚泄泻。用法与用量：10～15g。贮藏：置通风干燥处，防蛀。,**简明**：粉葛甘辛凉，解肌退热而生津止渴、升阳止泻，为治外感项强与消渴泄泻的常用药。。**详解**：外感发热、项背强痛配桂枝、白芍（葛根汤）；热病口渴、消渴配天花粉、麦冬；脾虚泄泻配党参、白术。,,
q055,感冒发热，针灸或按摩哪些穴位？,case,leiliuzheng_001,《中医眼科学》规划教材（要点归纳）,五官,流泪症·泪液不循常道而溢出,流泪症指泪液不循常道而溢出睑弦之外的眼病，分迎风流泪与无时泪下。多由肝血不足、泪窍不密，或气血不足、肝肾两虚，或肝经湿热、泪窍阻塞引起。辨证分肝血不足、气血不足、肝经湿热等型。,流泪症须区分冷泪与热泪：热泪伴目赤肿痛多属外感；冷泪多属虚。泪道阻塞者需专科冲洗或手术。流泪伴脓性分泌物、泪囊部红肿者须就医。教材要点归纳，供参考；具体诊疗请遵医嘱。,,
q055,感冒发热，针灸或按摩哪些穴位？,case,snb_jiasu_001,神农本草经,下经,假苏,假苏，味辛，温。主寒热，鼠瘘，瘰疬生创，破结聚气，下瘀血，除湿痹。一名鼠蓂。生平泽。,假苏即今之荆芥，辛微温，祛风解表、透疹止痒，炒炭兼止血，主治外感表证、麻疹不透、风疹瘙痒、疮疡初起及吐血衄血、便血崩漏（炒炭用）。其性升散，表虚自汗、阴虚头痛者慎用，不宜久服过量。,,
q055,感冒发热，针灸或按摩哪些穴位？,case,dazhui_001,针灸学,督脉,大椎,出《素问·气府论》。,大椎为督脉、手足三阳经之会，诸阳之会，解表退热要穴。在脊柱区，第7颈椎棘突下凹陷中，后正中线上。主治外感发热、热病、疟疾、咳嗽气喘、骨蒸盗汗、癫痫、项强、风疹痤疮。刺法：斜刺0.5～1寸；可灸。,,
q055,感冒发热，针灸或按摩哪些穴位？,case,chuanxiongchatiaosan_jieyao_001,方解（方论集要）,治风剂·方解,川芎茶调散·疏风止痛,本方出《太平惠民和剂局方》：组成川芎、荆芥、白芷、羌活、甘草、细辛、防风、薄荷（清茶调下）。方中川芎君，活血行气、祛风止痛，为诸经头痛要药；羌活、白芷臣，羌活治太阳经头痛，白芷治阳明经头痛；细辛、薄荷、荆芥、防风佐，疏风散邪；甘草使，调和诸药；清茶调下，清上而降下，制诸风药之温燥。,川芎茶调散为疏风止痛代表，治外感风邪之偏正头痛。川芎活血祛风，羌芷辛防分经疏风，清茶调下监制温燥。本方为治标疏风剂，久病气虚、血虚、肝阳头痛者不宜。方解供学习参考；具体用药请遵医嘱。,,
q055,感冒发热，针灸或按摩哪些穴位？,case,yinchaihu_001,中国药典（2025年版）一部,清热药,银柴胡,据《中国药典》2025 年版一部：银柴胡为石竹科植物银柴胡 Stellaria dichotoma L. var. lanceolata Bge. 的干燥根（药用部位：根）。性味甘，微寒；归肝、胃经。功能与主治：清虚热，除疳热；用于阴虚发热，骨蒸劳热，小儿疳热。用法与用量：3～10g。贮藏：置通风干燥处，防蛀。,**简明**：银柴胡甘微寒，清虚热、除疳热，专治阴虚发热、骨蒸劳热及小儿疳积发热。**详解**：阴虚骨蒸配地骨皮、青蒿（清骨散）；小儿疳热消瘦配胡黄连、使君子。**无升散之性**，与外感发热无涉；外感风寒及血虚者忌用。,,
q055,感冒发热，针灸或按摩哪些穴位？,case,baizhiqian_001,中国药典（2025年版）一部,化痰止咳平喘药,白前,据《中国药典》2025 年版一部：白前为萝藦科植物柳叶白前 Cynanchum stauntonii (Decne.) Schltr. ex Levl. 或芫花叶白前 Cynanchum glaucescens (Decne.) Hand.-Mazz. 的干燥根茎和根（药用部位：根茎和根）。性味辛、苦，微温；归肺经。功…,**简明**：白前辛苦微温，降气消痰止咳（**长于降肺气**），主治肺气壅实之咳嗽痰多、胸满喘急，寒热虚实之咳皆可配用。**详解**：咳嗽痰多配桔梗、紫菀（止嗽散）；外感咳嗽配荆芥、陈皮。凡咳逆上气、痰多气壅者宜之。,,
q055,感冒发热，针灸或按摩哪些穴位？,case,fengchi_001,针灸学,足少阳胆经,风池,出《灵枢·热病》。,风池为足少阳、阳维脉交会穴，定位在项部，枕骨之下，横平风府，胸锁乳突肌与斜方肌上端之间凹陷处。为祛风要穴，主治头痛眩晕、感冒鼻塞、目赤肿痛、中风及颈项强痛，亦为防治感冒、明目益聪常用穴。操作向鼻尖方向斜刺0.8～1.2寸；可灸。,,
q055,感冒发热，针灸或按摩哪些穴位？,case,pianli_001,针灸学,手阳明大肠经,偏历,《灵枢·经脉》：手阳明之别，名曰偏历，去腕三寸，别入太阴。,偏历为手阳明经络穴，别走手太阴肺经，定位在前臂，腕背侧远端横纹上3寸，阳溪与曲池连线上。主治耳鸣、耳聋、鼻衄、目赤等头面五官疾患，以及手臂酸痛、半身不遂；络穴能通调表里两经，又能清热利水治水肿、小便不利。直刺或斜刺0.5～0.8寸；可灸。,,
q055,感冒发热，针灸或按摩哪些穴位？,case,shanghan_088,伤寒论,辨太阳病脉证并治中,脉沉发热头痛救里（第88条）,病发热，头痛，脉反沉，若不差，身体疼痛，当救其里，宜四逆汤。,本条论里虚寒证。病发热头痛，脉反沉，若不差、身体疼痛，当救其里，宜四逆汤。表证见里虚寒脉，当先救里。,,
q055,感冒发热，针灸或按摩哪些穴位？,case,tongtian_001,针灸学,足太阳膀胱经,通天,出《针灸甲乙经》。《针灸甲乙经》：通天，一名天白，在承光后一寸五分。,通天为足太阳膀胱经穴，定位在头部，前发际正中直上4寸，旁开1.5寸。本穴为治疗鼻病要穴，主治鼻塞、鼻衄、鼻渊、鼻痔等鼻疾，亦治头痛、眩晕。刺法：平刺0.3～0.5寸；可灸。,,
q055,感冒发热，针灸或按摩哪些穴位？,case,naoshu_001,针灸学,手太阳小肠经,臑俞,出《针灸甲乙经》。,臑俞为手太阳经与阳维脉、跷脉交会穴，定位在肩胛区，腋后纹头直上，肩胛冈下缘凹陷中。主治肩臂酸痛、肩不举等肩局部病证；又能散结化痰，治瘰疬。直刺0.6～1寸；可灸。,,
q055,感冒发热，针灸或按摩哪些穴位？,case,anzhen_001,中医诊断学,四诊,按诊要点,按诊为医生以手触按病人体表与胸腹，以测寒热、润燥、软硬、压痛、包块及腧穴反应。《素问·调经论》「视其虚实，调其气血」为按诊之旨。教材归纳按胸胁、按腹部、按肌肤、按手足、按腧穴诸法。,按肌肤：肌肤灼热、口干脉数多热证；肌肤清凉、畏寒多寒证；皮肤润燥测津液存亡；按之凹陷举手即起为气肿，凹陷不能即起为水肿；疮疡按之肿硬而不热多阴证，肿硬灼手多阳证。按手足：手足俱冷多阳虚寒盛；手足心热多阴虚内热；手背热甚于手心多外感，手心热甚于手背多内伤。按胸腹：腹满按之柔软、不痛多虚（虚满）；腹满按之坚硬、压痛拒按多实…,,
q055,感冒发热，针灸或按摩哪些穴位？,case,zhigou_001,针灸学,手少阳三焦经,支沟,《灵枢·本输》：行于支沟，支沟，上腕三寸，两骨之间陷者中也，为经。,支沟为手少阳三焦经经穴（五行属火），定位在前臂后区，腕背侧远端横纹上3寸，尺骨与桡骨间隙中点。主治耳鸣耳聋、暴喑、瘰疬、胁肋疼痛，又为治便秘要穴，并治热病。刺法：直刺0.5～1寸；可灸。,,
q055,感冒发热，针灸或按摩哪些穴位？,case,feishu_001,针灸学,足太阳膀胱经,肺俞,出《针灸甲乙经》。《灵枢·背腧》：肺腧在三焦之间，夹脊相去三寸所。,肺俞为肺之背俞穴，为肺气输注于背部的腧穴。定位在脊柱区，第3胸椎棘突下，后正中线旁开1.5寸。主治咳嗽、气喘、咯血、鼻塞等肺系病证，以及骨蒸潮热、盗汗等阴虚病证。刺法：斜刺0.5～0.8寸；可灸。,,
q055,感冒发热，针灸或按摩哪些穴位？,case,madanyang12xue_001,针灸大成,卷之三,马丹阳天星十二穴治杂病歌,三里内庭穴，曲池合谷接，委中配承山，太冲昆仑穴，环跳与阳陵，通里并列缺。合担用法担，合截用法截，三百六十穴，不出十二诀。治病如神灵，浑如汤泼雪，北斗降真机，金锁教开彻，至人可传授，匪人莫浪说。  其一：三里膝眼下，三寸两筋间。能通心腹胀，善治胃中寒，肠鸣并泄泻，腿肿膝胻酸，伤寒羸瘦损，气蛊及诸般。年过三旬后，针灸眼便宽…,"本篇先总列十二要穴（足三里、内庭、曲池、合谷、委中、承山、太冲、昆仑、环跳、阳陵泉、通里、列缺），倡""担截""取穴法；再逐穴分述定位、主治与针灸分寸。十二穴多为五输穴、原络穴及下肢要穴，统治内、外、妇、儿诸般杂病，""治病如神灵，浑如汤泼雪""。为历代临床最常用的要穴歌诀之一，与《四总穴歌》一脉相承而更广。",,
q055,感冒发热，针灸或按摩哪些穴位？,case,xihongfu_001,针灸大成,卷之二,席弘赋,凡欲行针须审穴，要明补泻迎随诀，胸背左右不相同，呼吸阴阳男女别。  气刺两乳求太渊，未应之时泻列缺；列缺头痛及偏正，重泻太渊无不应。耳聋气痞听会针，迎香穴泻功如神。谁知天突治喉风，虚喘须寻三里中。手连肩脊痛难忍，合谷针时要太冲。曲池两手不如意，合谷下针宜仔细。心疼手颤少海间，若要除根觅阴市。但患伤寒两耳聋，金门听会疾如…,"本篇首重""行针须审穴、明补泻迎随""，继以大量病证列要穴配对主治：气病两乳取太渊、列缺；耳聋取听会、迎香；喉风取天突；肩脊痛取合谷、太冲；心痛手颤取少海、阴市；腰痛取委中、至阴、横骨；膝痛取阳陵泉、悬钟、二陵、三阴交；疝气取照海、阴交、曲泉、气海、关元；脱肛灸百会、鸠尾等。末段总括捻针补泻之法。为临床配穴经验之富者。",,
q055,感冒发热，针灸或按摩哪些穴位？,case,chengling_001,针灸学,足少阳胆经,承灵,出《针灸甲乙经》。,承灵为足少阳、阳维脉交会穴，定位在头部，前发际上4寸，头正中线旁2.25寸。主治头痛、眩晕、鼻渊鼻塞及鼻衄。操作平刺0.5～0.8寸；可灸。,,
q055,感冒发热，针灸或按摩哪些穴位？,case,tianchong_001,针灸学,足少阳胆经,天冲,出《针灸甲乙经》。,天冲为足少阳、足太阳交会穴，定位在头部，耳根后缘直上入发际2寸，率谷后0.5寸处。主治头痛、齿龈肿痛、癫痫、惊恐及瘿气。操作平刺0.5～0.8寸；可灸。,,
q055,感冒发热，针灸或按摩哪些穴位？,case,zhongchong_001,针灸学,手厥阴心包经,中冲,《灵枢·本输》：心主出于中冲，中冲，手中指之端也，为井木。,中冲为手厥阴心包经井穴，定位在手指，中指末端最高点（中指末端中央）。主治中风昏迷、中暑、心痛、心烦、舌强不语、热病及小儿惊风，为急救开窍要穴。刺法：浅刺0.1寸，或用三棱针点刺出血；慎灸。,,
q055,感冒发热，针灸或按摩哪些穴位？,case,huiyangjiuzhenge_001,针灸大成,卷之三,回阳九针歌,哑门劳宫三阴交，涌泉太溪中脘接，环跳三里合谷并，此是回阳九针穴。,"本篇列九穴之名，称""回阳九针""。哑门、劳宫、涌泉开窍醒神；三阴交、太溪滋阴济阳；中脘、足三里温补中气；环跳、合谷通阳宣痹。九穴合用，标本兼顾，用于阳气欲脱、肢冷汗出、不省人事之急救，为针灸回阳救逆之要诀。",,
q055,感冒发热，针灸或按摩哪些穴位？,case,aijiu_001,中医临床诊疗指南/专家共识（要点归纳）,现代中医,艾灸·适宜技术操作要点,据《中医适宜技术操作规范·艾灸》要点：以艾叶制成艾绒，点燃后熏烤体表腧穴，借温热与药物之力温通经络、行气活血；常见直接灸、隔姜灸、隔蒜灸、温针灸、艾条灸等法。（要点归纳，非原文照录。）,艾灸是常用中医适宜技术，操作要点：依证选穴、定灸量，艾条灸距皮肤 2—3 厘米熏烤，以局部温热红晕为度，避免烫伤；隔姜灸多用于虚寒呕利、腹痛，温针灸多用于寒湿痹痛。适用于虚寒、阳虚、久寒、痹证等。实热证、阴虚发热、面部大血管处及孕妇腰骶腹部一般慎用或禁用。本条目为要点归纳，供参考；具体诊疗请遵医嘱。,,
q055,感冒发热，针灸或按摩哪些穴位？,case,xiaoerganmaokeli_001,《中国药典》一部/药品说明书（要点归纳）,止咳/外妇儿/中成药,小儿感冒颗粒·疏风解表清热解毒,据现行版《中国药典》一部与药品说明书要点归纳：本品由广藿香、菊花、连翘、薄荷、地骨皮、白薇、地黄、板蓝根、大青叶、石膏组成，具疏风解表、清热解毒之功，用于小儿风热感冒，症见发热、头胀痛、咳嗽痰黏、咽喉肿痛；流感见上述证候者。用法用量按说明书开水冲服，周岁以内酌减。,小儿感冒颗粒为儿科常用疏风清热类中成药，用于小儿风热感冒。风寒感冒者不适用；婴儿应在医师指导下服用；服药 2 天高热不退或喘促者应及时就医。本条目为中成药，请按说明书或在医师指导下使用。,,
q055,感冒发热，针灸或按摩哪些穴位？,case,bohe_001,中国药典（2025年版）一部,解表药,薄荷,据《中国药典》2025 年版一部：薄荷为唇形科植物薄荷 Mentha haplocalyx Briq. 的干燥地上部分（药用部位：地上部分）。性味辛，凉；归肺、肝经。功能与主治：疏散风热，清利头目，利咽，透疹，疏肝行气；用于风热感冒，风温初起，头痛，目赤，喉痹，口疮，风疹，麻疹，胸胁胀闷。用法与用量：3～6g，后下。贮…,**简明**：薄荷辛凉，疏散风热、清利头目、利咽透疹、疏肝行气，主治风热感冒、头痛目赤、咽痛、麻疹不透及肝郁胁胀。**详解**：风热感冒配金银花、连翘（银翘散）；目赤肿痛配菊花、桑叶；咽痛配桔梗、甘草；肝郁胁胀配柴胡、白芍（逍遥散）。含挥发油，**入汤剂宜后下**；体虚多汗者不宜。,,
q055,感冒发热，针灸或按摩哪些穴位？,case,snb_xinyi_001,神农本草经,上经,辛夷,辛夷，味辛，温。主五脏身体寒热，风头脑痛，面皯。久服，下气轻身，明目，增年耐老。一名辛矧，一名侯桃，一名房木。生川谷。,辛夷辛温，散风寒、通鼻窍，主治风寒头痛、鼻塞鼻渊、鼻流浊涕，为治鼻病要药。内服宜包煎。,,
q055,感冒发热，针灸或按摩哪些穴位？,case,shanghan_089,伤寒论,辨太阳病脉证并治中,表里俱虚致冒（第89条）,太阳病，先下之而不愈，因复发汗，以此表里俱虚，其人因致冒，冒家汗出自愈。所以然者，汗出表和故也。得里未和，然后复下之。,本条论汗下后表里俱虚致冒。太阳病先下之不愈，因复发汗，表里俱虚，其人因致冒，冒家汗出自愈。以汗出表和故也，里未和然后复下之。,,
q055,感冒发热，针灸或按摩哪些穴位？,case,shanghan_006,伤寒论,辨太阳病脉证并治上,太阳温病提纲（第6条）,太阳病，发热而渴，不恶寒者，为温病。,本条为太阳温病提纲。太阳病发热而渴、不恶寒者，名为温病。温邪上受，热盛伤津故口渴，热势张扬故不恶寒，与中风、伤寒之恶寒、口不渴者迥异，不可辛温发汗，治宜辛凉清解。,,
q055,感冒发热，针灸或按摩哪些穴位？,case,niubangzi_001,中国药典（2025年版）一部,解表药,牛蒡子,据《中国药典》2025 年版一部：牛蒡子为菊科植物牛蒡 Arctium lappa L. 的干燥成熟果实（药用部位：成熟果实）。性味辛、苦，寒；归肺、胃经。功能与主治：疏散风热，宣肺透疹，解毒利咽；用于风热感冒，咳嗽痰多，麻疹，风疹，咽喉肿痛，痄腮，丹毒，痈肿疮毒。用法与用量：6～12g。贮藏：置通风干燥处。,**简明**：牛蒡子辛苦寒，疏散风热、宣肺透疹、解毒利咽，主治风热感冒咽痛、麻疹不透及热毒疮肿。**详解**：风热感冒咽痛配金银花、连翘、薄荷（银翘散）；麻疹透发不畅配蝉蜕、薄荷；痄腮丹毒配板蓝根、连翘；痈肿疮毒配蒲公英、皂角刺。本品性寒滑利，**气虚便溏者慎用**。,,
q055,感冒发热，针灸或按摩哪些穴位？,case,waiguan_001,针灸学,手少阳三焦经,外关,《灵枢·经脉》：手少阳之别，名曰外关，去腕二寸，外绕臂，注胸中，合心主。,外关为手少阳经络穴、八脉交会穴（通于阳维脉），定位在前臂后区，腕背侧远端横纹上2寸，尺骨与桡骨间隙中点。主治外感热病、头痛、目赤肿痛、耳鸣耳聋、瘰疬、胁肋痛及上肢痿痹不遂。刺法：直刺0.5～1寸；可灸。,,
q055,感冒发热，针灸或按摩哪些穴位？,case,nanjing_047,难经,第四十七难,第四十七难,曰：人面独能耐寒者，何也？  然：人头者、诸阳之会也。诸阴脉皆至颈、胸中而还，独诸阳脉皆上至头耳，故令面耐寒也。,本难释人面独能耐寒之理。头为诸阳之会，诸阴脉至颈胸而还，独诸阳脉上至头耳，故面耐寒。,,
q055,感冒发热，针灸或按摩哪些穴位？,case,lingshu_045,灵枢经,外揣篇四十五,外揣篇四十五,黄帝曰：余闻九针九篇，余亲受其调，颇得其意。夫九针者，始于一而终于九，然未得其要道也。夫九针者，小之则无内，大之则无外，深不可为下，高不可为盖，恍惚无窍，流溢无极，余知其合于天道人事四时之变也，然余愿杂之毫毛，浑束为一，可乎？ 岐伯曰：明乎哉问也！非独针道焉，夫治国亦然。 黄帝曰：余愿闻针道，非国事也。 岐伯曰：夫治国…,本篇论诊断之道在于'司外揣内'。黄帝问九针之道能否杂合为一，岐伯以日月、水镜、鼓响为喻，谓内外相应、动摇则和，若清水明镜不失其形。五脏波荡则外现五色五音，故远者司外揣内、近者司内揣外，此为阴阳之极。强调望闻切按结合，由表知里、由外知内的诊断总纲。,,
q055,感冒发热，针灸或按摩哪些穴位？,case,wenhan_001,中医诊断学,四诊,问汗,问汗须问有汗无汗、出汗时间、部位、多少及兼症。教材归纳：汗为津液所化，由阳气蒸化津液出于体表而成，察汗可辨阴阳盛衰、邪正消长。,表证辨汗：外感表证无汗多为表寒实证（伤寒太阳伤寒）；有汗多为表虚证或表热证。里证辨汗：自汗（日间常汗出、动则益甚）多属气虚或阳虚；盗汗（睡则汗出、醒后即止）多属阴虚。大汗：大汗淋漓、汗出如油兼肢冷脉微为亡阳；蒸蒸大汗、壮热口渴为里热炽盛。战汗：先恶寒战栗而后汗出，为邪正剧争、疾病转折点——汗出热退、脉静身凉为邪去正安；…,,
q055,感冒发热，针灸或按摩哪些穴位？,case,suwen_031,黄帝内经素问,热论篇第三十一,热论篇第三十一,黄帝问曰：今夫热病者，皆伤寒之类也，或愈或死，其死皆以六七日之间，其愈皆以十日以上者，何也？不知其解，愿闻其故。岐伯对曰：巨阳者，诸阳之属也。其脉连于风府，故为诸阳主气也。人之伤于寒也，则为病热，热虽甚不死，其两感于寒而病者，必不免于死。帝曰：愿闻其状。岐伯曰：伤寒一日，巨阳受之，故头项痛，腰脊强。二日，阳明受之，阳明…,本篇论外感热病（伤寒）传变。谓今夫热病皆伤寒之类，巨阳为诸阳主气，人伤于寒则为病热。按一日巨阳、二日阳明、三日少阳、四日太阴、五日少阴、六日厥阴之次传变各有脉证；三阳未入于脏可汗，满三日可泄。又论两感于寒者不免于死，及病热遗复之禁：食肉则复、多食则遗。末辨先夏至病温、后夏至病暑。,,
q055,感冒发热，针灸或按摩哪些穴位？,case,neishengwuxie_001,《中医基础理论》规划教材（要点归纳）,病因病机,内生五邪·内风内寒内湿内燥内火脏腑气血失调所化,"内生五邪，指在疾病过程中，由于脏腑气血津液等生理功能异常，而产生类似风、寒、湿、燥、火（热）外邪致病特点的病理变化，包括内风、内寒、内湿、内燥、内火（内热）。因其由内而生，非外感六淫，故称""内生五邪""，属病机范畴而非外感病因。",内生五邪与外感六淫名称相似但来源不同：外感六淫是从外界侵入的致病因素，内生五邪是脏腑气血失调在体内产生的病理状态——内风多与肝相关，内寒多与肾阳虚相关，内湿多与脾失健运相关，内燥多与津伤相关，内火多与脏腑阳盛阴虚相关。学习时应把二者严格区分。,,
q055,感冒发热，针灸或按摩哪些穴位？,case,lingshu_006,灵枢经,寿夭刚柔篇第六,寿夭刚柔篇第六,黄帝问于少师曰：余闻人之生也，有刚有柔，有弱有强，有短有长，有阴有阳，愿闻其方。 少师答曰：阴中有阴，阳中有阳，审知阴阳，刺之有方。得病所始，刺之有理。谨度病端，与时相应。内合于五脏六腑，外合于筋骨皮肤。是故内有阴阳，外亦有阴阳。在内者，五脏为阴，六腑为阳；在外者，筋骨为阴，皮肤为阳。故曰：“病在阴之阴者，刺阴之荥俞，…,本篇论人之形体有刚柔缓急、阴阳内外之别。内有五脏六腑、外有筋骨皮肤，病在阴在阳各有刺法；风寒伤形、忧恐忿怒伤气，形气外内相应。又以形气相任、皮肉相果、血气经络胜形与否立寿夭。末论刺有三变：刺营出血、刺卫出气、刺寒痹内热；详载药熨寒痹之法，用淳酒蜀椒干姜桂心渍绵絮，炙巾熨之，汗出而止。,,
q055,感冒发热，针灸或按摩哪些穴位？,case,liujing_001,中医诊断学,辨证,六经辨证概要,《伤寒论》六经提纲：太阳之为病，脉浮，头项强痛而恶寒；阳明之为病，胃家实是也；少阳之为病，口苦、咽干、目眩也；太阴之为病，腹满而吐，食不下，自利益甚，时腹自痛；少阴之为病，脉微细，但欲寐也；厥阴之为病，消渴，气上撞心，心中疼热，饥而不欲食，食则吐蛔。据规划教材《中医诊断学》归纳：太阳病分中风（发热汗出脉浮缓）、伤寒（恶…,六经辨证为《伤寒论》辨外感病之纲领，以太阳、阳明、少阳为三阳（表、热、实），以太阴、少阴、厥阴为三阴（里、寒、虚）。传变少循太阳→阳明→少阳→太阴→少阴→厥阴，亦有直中、合病、并病。临证以各经提纲证为辨证眼目：三阳证多属实热，治宜祛邪；三阴证多属虚寒，治宜扶正。其意义在辨别外感病之阶段层次与邪正盛衰，与脏腑经络辨证相表…,,
q055,感冒发热，针灸或按摩哪些穴位？,case,wenbingxuepai_001,中医各家学说,流派,温病学派·创卫气营血与三焦辨证治温热,"叶天士《温热论》：""温邪上受，首先犯肺，逆传心包""，""卫之后方言气，营之后方言血""；吴鞠通《温病条辨》本之而立""治上焦如羽、治中焦如衡、治下焦如权""三焦治法。","温病学派是明清之际形成、以研究外感温热病为核心的医学流派，上承《素问》""冬伤于寒，春必病温""及宋元庞安时、王安道等人温病思想，成熟于清代康乾以下。该派突破了将外感热病概隶于《伤寒论》六经辨治的旧框架，自立温病辨治体系。叶天士（桂）创卫气营血辨证纲领，提出""温邪上受、首先犯肺、逆传心包""，分卫、气、营、血四层立法；薛雪（…",,
q055,感冒发热，针灸或按摩哪些穴位？,case,nanjing_048,难经,第四十八难,第四十八难,曰：人有三虚三实，何谓也？  然：有脉之虚实，有病之虚实，有诊之虚实也。脉之虚实者，濡者为虚，牢者为实；病之虚实者，出者为虚，入者为实；言者为虚，不言者为实；缓者为虚，急者为实。诊之虚实者，痒者为虚，痛者为实；外痛内快，为外实内虚；内痛外快，为内实外虚，故曰虚实也。,本难论三虚三实。脉之虚实（濡虚牢实）、病之虚实（出虚入实、言虚言实、缓急）、诊之虚实（痒虚痛实、外痛内快等）。,,
q055,感冒发热，针灸或按摩哪些穴位？,case,yinsheng_001,中医诊断学,四诊,音声与语言（语声·呼吸·咳嗽·呕吐）,闻诊包括听声音与嗅气味。教材归纳：语声高低辨虚实，呼吸粗细辨正邪，咳嗽呕哕之声辨病位病性。《素问·脉要精微论》「声如从室中言，是中气之湿也」为闻声辨证之典范。,语声宏亮、多言躁动属实证热证；语声低微、懒言重复属虚证寒证。呼吸气粗有力为肺实热或阳明腑实；呼吸气微、气短不足以息为肺肾气虚。语言异常：神识不清、语无伦次、声高有力为谵语，属热扰心神之实证；神识不清、语言重复、时断时续、声低无力为郑声，属心气大伤之虚证。咳嗽：咳声重浊兼鼻塞流涕多外感风寒；咳声清脆多燥咳；咳声不畅、痰多…,,
q055,感冒发热，针灸或按摩哪些穴位？,case,wuzangzhiyeqiaohua_001,《中医基础理论》规划教材（要点归纳）,藏象,五脏与志液窍华·藏五志化五液开窍五华外应,五脏除各有所主外，还与精神情志、体液、官窍、外华相应：心在志为喜、在液为汗、开窍于舌、其华在面；肝在志为怒、在液为泪、开窍于目、其华在爪；脾在志为思、在液为涎、开窍于口、其华在唇；肺在志为忧、在液为涕、开窍于鼻、其华在毛；肾在志为恐、在液为唾、开窍于耳及二阴、其华在发。,"""志液窍华""是五脏功能在外在征象上的系统对应：情志、体液、官窍、体表光华都可归属于相应脏腑。这一对应关系使中医可以通过望面色、察舌、按脉、问情志等外在表现推断内脏功能，是藏象学说整体观和司外揣内的体现。学习时应把五志、五液、五华、开窍分别成组熟记，作为辨证的纲领。",,
q055,感冒发热，针灸或按摩哪些穴位？,case,wuyouxing_001,中医各家学说,医家,吴有性·温疫论创戾气学说,"《温疫论·原病》：""温疫之为病，非风、非寒、非暑、非湿，乃天地间别有一种异气所感。""又谓""邪自口鼻而入""，""其感之有速，其发之有渐""，治宜""使邪毒气溃散""，制达原饮。","吴有性，字又可，明代吴县人，约生活于公元十六至十七世纪，明末温病学家。时值崇祯年间山东、直隶、浙江、江苏温疫大行，医者仍以伤寒法治之多不效，有性乃推究病源，著《温疫论》二卷。其学术突破传统""伏寒化温""与六气致病之说，提出温疫乃感受天地间""戾气""（一称""疠气""、异气）所致，非风、非寒、非暑、非湿，病邪自口鼻而入，不拘经络…",,
q055,感冒发热，针灸或按摩哪些穴位？,case,nanjing_032,难经,第三十二难,第三十二难,曰；五脏俱等，而心肺独在鬲上者，何也？  然：心者血，肺者气。血为荣，气为卫，相随上下，谓之荣卫。通行经络，营周于外，故令心肺独在鬲上也。,本难释心肺独在鬲上之理。心主血为营、肺主气为卫，相随上下通行经络营周于外，故心肺独在鬲上。,,
q055,感冒发热，针灸或按摩哪些穴位？,case,lingshu_046,灵枢经,五变篇四十六,五变篇四十六,黄帝问于少俞曰：余闻百疾之始期也，必生于风雨寒暑，循毫毛而入腠理，或复还，或留止，或为风肿汗出，或为消瘅，或为寒热，或为留痹，或为积聚。奇邪淫溢，不可胜数，愿闻其故。夫同时得病，或病此，或病彼，意者，天之为人生风乎，何其异也？ 少俞曰：夫天之生风者，非以私百姓也，其行公平正直，犯者得之，避者得无殆，非求人而人自犯之。 …,本篇论体质差异与发病倾向。少俞以匠人斫木为喻，木之坚脆不同则所伤各异，人之骨节皮肤腠理坚脆不同，则邪之所舍亦异。故肉不坚腠理疏者善病风；五脏皆柔弱者善病消瘅；小骨弱肉者善病寒热；粗理肉不坚者善病痹；皮薄不泽者善病肠中积聚。并谓先立其年以知其时，因形生病，为五变之纪。,,
q055,感冒发热，针灸或按摩哪些穴位？,case,yetianshi_005,临证指南医案,中风门,叶天士·阴亏阳升内风案,某，中年以后，阴精渐衰，阳气日升，忽然口眼歪斜，肢麻不遂，脉左数而虚。先生谓此非外来风邪，乃身中阳气之变动，内风挟痰火蒙扰清窍，治宜熄风潜阳、清痰宣络，不可徒用发散祛风。,"此案辨中风为""内风""而非外风，立滋阴潜阳、熄风宣络之法，纠正了前人以外风立论、专事祛风的偏向。叶氏""阳化内风""之说，成为中风内风学说的里程碑。",,
q056,鼻塞流清涕，遇冷加重，中医怎么治？,case,biqiu_001,《中医耳鼻咽喉科学》规划教材（要点归纳）,五官,鼻鼽·阵发性鼻痒喷嚏流清涕过敏性鼻炎,鼻鼽是指阵发性和反复发作的鼻痒、喷嚏、流清涕、鼻塞为特征的鼻病，即西医学变应性鼻炎（过敏性鼻炎）。病机多为肺气虚寒、脾气虚弱、肾阳不足，卫表不固、腠理疏松，风寒异气乘虚侵袭；或肺经伏热上炎鼻窍。,鼻鼽即过敏性鼻炎，以阵发鼻痒、喷嚏、清涕为主。中医分肺气虚寒（温肺止流丹、玉屏风散）、脾气虚（补中益气汤）等论治，配合避过敏源、针灸、穴位贴敷。反复发作、伴哮喘者须规范诊治。本条目为教材要点归纳，供参考；具体诊疗请遵医嘱。,,
q056,鼻塞流清涕，遇冷加重，中医怎么治？,case,hanyin_001,中医诊断学,辨证,寒淫证,寒淫证为六淫辨证之一，系外感寒邪所致。据规划教材《中医诊断学》归纳：伤寒证（寒邪客于肌表）以恶寒重、无汗、头身疼痛、鼻塞流清涕、苔薄白、脉浮紧为要点；中寒证（寒邪直中脏腑）以脘腹冷痛、呕吐肠鸣、大便稀溏、畏寒肢冷、苔白滑、脉沉紧为要点。,寒为阴邪，易伤阳气，其性凝滞、收引。伤寒病位在表，治宜辛温解表；中寒病位在里，治宜温中散寒。临证以恶寒喜暖、无汗或冷痛拒按、苔白滑润、脉紧为辨证眼目；寒邪伤阳则兼见畏寒肢冷、便溏尿清，须与里虚寒证（阳虚）相鉴别——中寒多新起、属实，阳虚多久病、属虚。,,
q056,鼻塞流清涕，遇冷加重，中医怎么治？,case,feihan_feire_001,中医诊断学,辨证,风寒犯肺证与肺热炽盛证,肺病外感实证类。据规划教材《中医诊断学》归纳：风寒犯肺证以咳嗽、痰稀色白、鼻塞流清涕、恶寒发热、无汗、头身痛、苔薄白、脉浮紧为要点；肺热炽盛（含风热犯肺、热邪壅肺）以咳嗽、痰稠色黄、气喘息粗、甚则鼻翼煽动、壮热口渴、咽喉肿痛、便秘尿黄、舌红苔黄、脉滑数为要点。,风寒犯肺治宜疏风散寒、宣肺止咳；肺热炽盛治宜清热泻肺、化痰平喘。二者均以咳嗽为主症。鉴别眼目：风寒犯肺痰稀色白、兼表寒证（恶寒无汗、脉浮紧）；肺热炽盛痰稠色黄、兼里热证（壮热口渴、舌红苔黄脉数）。须与肺阴虚之久咳鉴别——前者新起属实、有表热或表寒证，后者久病属虚、见阴虚内热诸症。,,
q056,鼻塞流清涕，遇冷加重，中医怎么治？,case,dongbingxiazhi_001,中医临床诊疗指南/专家共识（要点归纳）,现代中医,冬病夏治·三伏贴调治要点,"据现行三伏贴（天灸）技术规范：冬病夏治是在夏季三伏阳气旺盛之时，对冬季易作或加重的虚寒性疾病，以辛温祛寒药物贴敷特定腧穴，扶助阳气、温散寒邪，体现""春夏养阳""思想。（要点归纳，非原文照录。）","冬病夏治是中医""春夏养阳""治未病方法，代表性技术为三伏贴。适应证以冬季易发或加重的虚寒性病证为主，如慢性咳喘、过敏性鼻炎、部分虚寒性关节痛等。操作要点：取初、中、末三伏日，将辛温药物研末调膏贴于肺俞、定喘、膏肓等背俞穴，每次数小时、连续三年为一疗程。注意：孕妇、婴幼儿、皮肤过敏或破溃者、发热及实热证者不宜；贴敷后局部微…",,
q056,鼻塞流清涕，遇冷加重，中医怎么治？,case,yatong_001,《中医口腔科学》规划教材（要点归纳）,五官,牙痛·牙齿疼痛遇冷热酸甜加重,牙痛是指牙齿因各种原因引起的疼痛，遇冷热酸甜刺激加重，常伴牙龈红肿或出血、牙齿松动。病机多为胃火炽盛、风火上攻、虚火上炎或龋齿。辨证分胃火炽盛、风火上攻、虚火上炎、龋齿等型。,牙痛须先明确病因（龋齿、牙髓炎、牙周炎等）。胃火炽盛用清胃散，风火用疏风清热，虚火用知柏地黄丸，配合针灸（颊车、下关、合谷）与局部处理。剧烈跳痛、面部肿胀发热须及时就医。本条目为教材要点归纳，供参考；具体诊疗请遵医嘱。,,
q056,鼻塞流清涕，遇冷加重，中医怎么治？,case,yingzhen_001,《中医皮肤性病学》规划教材（要点归纳）,皮肤,瘾疹·荨麻疹,瘾疹是皮肤出现红色或苍白色风团、时隐时现、瘙痒剧烈的过敏性皮肤病，相当于西医荨麻疹。多由禀赋不耐、风寒/风热外袭、胃肠湿热或气血两虚引起。辨证分风寒外袭、风热犯表、胃肠湿热、气血两虚等型。,瘾疹辨证分寒热虚实：风寒者得温则减，风热者遇热加重。伴腹痛、呼吸困难、喉头水肿者须立即就医（过敏性休克风险）。教材要点归纳，供参考；具体诊疗请遵医嘱。,,
q056,鼻塞流清涕，遇冷加重，中医怎么治？,case,shichuang_001,《中医皮肤性病学》规划教材（要点归纳）,皮肤,湿疮·湿疹,湿疮是一种皮损多形、瘙痒、渗液、对称分布、反复发作的过敏性炎症性皮肤病，相当于西医湿疹。病因多为禀赋不耐、风湿热邪客于肌肤。辨证分湿热浸淫、脾虚湿蕴、血虚风燥等型。外治根据皮损选择湿敷、软膏、油剂等。,湿疮辨证分急性多湿热、亚急性多脾虚湿蕴、慢性多血虚风燥。治疗内外合治，避免搔抓、热水烫洗、辛辣鱼腥。皮损泛发、渗液明显、继发感染者须就医。教材要点归纳，供参考；具体诊疗请遵医嘱。,,
q056,鼻塞流清涕，遇冷加重，中医怎么治？,case,ganmaoqingrekeli_001,《中国药典》一部/药品说明书（要点归纳）,解表剂/中成药,感冒清热颗粒·疏风散寒解表清热,据现行版《中国药典》一部与药品说明书要点归纳：本品由荆芥穗、薄荷、防风、柴胡、紫苏叶、葛根、桔梗、苦杏仁、白芷、苦地丁、芦根等组成，具疏风散寒、解表清热之功，用于风寒感冒，症见头痛发热、恶寒身痛、鼻流清涕、咳嗽咽干。用法用量按说明书开水冲服。,感冒清热颗粒为临床常用解表类中成药，用于风寒感冒初起之头痛恶寒、流涕咳嗽。服药期间忌烟、酒及辛辣生冷油腻，不宜同时服用滋补性中药；身体不适应就医。本条目为中成药，请按说明书或在医师指导下使用。,,
q056,鼻塞流清涕，遇冷加重，中医怎么治？,case,ganmaoshifengwan_001,《中国药典》一部/药品说明书（要点归纳）,解表剂/中成药,感冒疏风丸·辛温解表宣肺和中,据现行版《中国药典》一部与药品说明书要点归纳：本品由麻黄、桂枝、白芍、苦杏仁、防风、紫苏叶、独活、桔梗、谷芽、陈皮、生姜、大枣、甘草等组成，具辛温解表、宣肺和中之功，用于风寒感冒，症见发热咳嗽、头痛怕冷、鼻流清涕、骨节酸痛、四肢疲倦。用法用量按说明书口服。,感冒疏风丸为临床常用辛温解表类中成药，用于风寒感冒之头痛怕冷、鼻塞清涕、骨节酸痛、四肢倦怠。方含麻黄、桂枝，高血压、心脏病患者及运动员慎用；风热感冒（咽痛黄涕、发热重）不宜。服药期间忌烟酒辛辣生冷油腻，不宜同时服滋补中药；高热不退、喘促者应就医。本条目为中成药，请按说明书或在医师指导下使用。,,
q056,鼻塞流清涕，遇冷加重，中医怎么治？,case,xiaoerganmao_001,《中医儿科学》规划教材（要点归纳）,儿科,小儿感冒·外感发热鼻塞流涕,小儿感冒是由外感六淫、时行邪毒引起的肺系疾病，临床以发热、恶寒、鼻塞流涕、喷嚏、咳嗽为主要表现。小儿肺常不足、脾常不足，感冒易夹痰、夹滞、夹惊。辨证分风寒、风热、暑邪、时邪等型。,小儿感冒辨证分寒热：风寒者辛温解表，风热者辛凉解表。注意夹痰、夹滞、夹惊的兼证处理。高热不退、咳嗽加重、神昏抽搐者须就医。教材要点归纳，供参考；具体诊疗请遵医嘱。,,
q056,鼻塞流清涕，遇冷加重，中医怎么治？,case,biyuan_001,《中医耳鼻咽喉科学》规划教材（要点归纳）,五官,鼻渊·鼻流浊涕量多不止鼻窦炎,鼻渊是指鼻流浊涕、量多不止，伴鼻塞、头痛、嗅觉减退的鼻病，即西医学鼻窦炎。病位在鼻窍，病机多为肺经风热、胆腑郁热、脾胃湿热上蒸鼻窍，或肺气虚寒、邪滞鼻窍。辨证分肺经风热、胆腑郁热、脾胃湿热、肺气虚寒等型。,鼻渊即鼻窦炎，以鼻塞、流浊涕、头痛为主。中医分肺经风热（苍耳子散）、胆腑郁热（龙胆泻肝汤）、肺气虚寒（温肺止流丹）等论治，配合滴鼻、鼻窦体位引流、针灸。若高热、剧烈头痛、眼部胀痛须及时就医。本条目为教材要点归纳，供参考；具体诊疗请遵医嘱。,,
q056,鼻塞流清涕，遇冷加重，中医怎么治？,case,tongxuanlifeiwan_001,《中国药典》一部/药品说明书（要点归纳）,解表剂/中成药,通宣理肺丸·解表散寒宣肺止嗽,据现行版《中国药典》一部与药品说明书要点归纳：本品由紫苏叶、前胡、桔梗、苦杏仁、麻黄、甘草、陈皮、半夏（制）、茯苓、枳壳（炒）、黄芩等组成，具解表散寒、宣肺止嗽之功，用于风寒感冒咳嗽，症见发热恶寒、鼻塞流涕、咳嗽、喷嚏、头痛、无汗、肢体酸痛。用法用量按说明书口服。,通宣理肺丸为临床常用辛温解表、宣肺止咳类中成药，用于风寒感冒兼咳嗽、鼻塞流涕、恶寒无汗。方中含麻黄，高血压、心脏病患者及运动员慎用；风热或痰热咳嗽、阴虚干咳不宜。服药期间忌烟酒辛辣油腻，不宜同时服滋补中药；服药后症状加重或发热不退应就医。本条目为中成药，请按说明书或在医师指导下使用。,,
q056,鼻塞流清涕，遇冷加重，中医怎么治？,case,ganmaolingkeli_001,《中国药典》一部/药品说明书（要点归纳）,解表剂/中成药,感冒灵颗粒·解热镇痛中西药复方,据现行版《中国药典》一部与药品说明书要点归纳：本品由三叉苦、金盏银盘、野菊花、岗梅等中药及咖啡因、对乙酰氨基酚、马来酸氯苯那敏等化药组成，具解热镇痛之功，用于感冒引起的头痛、发热、鼻塞流涕、咽痛。用法用量按说明书开水冲服。,感冒灵颗粒为含中西药成分的感冒常用 OTC 制剂，用于感冒头痛发热、鼻塞咽痛。因含对乙酰氨基酚，服药期间不得饮酒或含酒精饮料，不能同时服用与本品成分相似的其他感冒药；因含马来酸氯苯那敏，服药期间不得驾驶机、车、船及高空作业；肝肾功能不全者、孕妇及哺乳期妇女慎用。本条目为中成药，请按说明书或在医师指导下使用。,,
q056,鼻塞流清涕，遇冷加重，中医怎么治？,case,zhongjiefeng_001,中国药典（2025年版）一部,清热药,肿节风,据《中国药典》2025 年版一部：肿节风为金粟兰科植物草珊瑚 Sarcandra glabra (Thunb.) Nakai 的干燥全株（药用部位：全株）。性味苦、辛，凉；归心、肝经。功能与主治：清热凉血，活血消斑，祛风通络；用于血热紫斑，紫癜，风湿痹痛，跌打损伤，热毒疮疡。用法与用量：9～30g。外用适量。贮藏：置通…,**简明**：肿节风苦辛凉，清热凉血而活血消斑，为治紫癜、风湿痹痛与跌打的常用药。。**详解**：血热紫斑、过敏性紫癜配生地黄、牡丹皮、赤芍；风湿痹痛配威灵仙、络石藤；跌打损伤配三七、苏木；现代用于肿瘤辅助治疗。,,
q056,鼻塞流清涕，遇冷加重，中医怎么治？,case,lianhuaqingwenjiaonang_001,《中国药典》一部/药品说明书（要点归纳）,解表剂/中成药,连花清瘟胶囊·清瘟解毒宣肺泄热,据现行版《中国药典》一部与药品说明书要点归纳：本品由连翘、金银花、炙麻黄、炒苦杏仁、石膏、板蓝根、绵马贯众、鱼腥草、广藿香、大黄、红景天、薄荷脑、甘草等组成，具清瘟解毒、宣肺泄热之功，用于流行性感冒属热毒袭肺证，症见发热或高热、恶寒、肌肉酸痛、鼻塞流涕、咳嗽、头痛、咽干咽痛。用法用量按说明书口服。,连花清瘟胶囊为常用流感类中成药，用于流行性感冒属热毒袭肺证之发热恶寒、肌肉酸痛、咽痛咳嗽。服药期间忌烟、酒及辛辣生冷油腻，不宜同时服用滋补性中药；风寒感冒者不适用，高血压、心脏病患者、孕妇、哺乳期妇女、儿童及年老体弱者应在医师指导下使用；发热体温超过 38.5℃ 或症状加重应及时就医。本条目为中成药，请按说明书或在医师…,,
q056,鼻塞流清涕，遇冷加重，中医怎么治？,case,xinyi_001,中国药典（2025年版）一部,解表药,辛夷,据《中国药典》2025 年版一部：辛夷为木兰科植物望春花 Magnolia biondii Pamp.、玉兰 Magnolia denudata Desr. 或武当玉兰 Magnolia sprengeri Pamp. 的干燥花蕾（药用部位：花蕾）。性味辛，温；归肺、胃经。功能与主治：散风寒，通鼻窍；用于风寒头痛，鼻塞…,**简明**：辛夷辛温，散风寒、通鼻窍，为治鼻渊、鼻塞之要药，尤宜风寒所致鼻病。**详解**：鼻渊鼻塞配苍耳子、白芷、薄荷（苍耳子散）；风寒头痛配川芎、防风。本品有绒毛，**入汤剂宜包煎**；阴虚火旺者忌用。,,
q056,鼻塞流清涕，遇冷加重，中医怎么治？,case,cangerzi_001,中国药典（2025年版）一部,解表药,苍耳子,据《中国药典》2025 年版一部：苍耳子为菊科植物苍耳 Xanthium sibiricum Patr. 的干燥成熟带总苞的果实（药用部位：带总苞的成熟果实）。性味辛、苦，温；有毒；归肺经。功能与主治：散风寒，通鼻窍，祛风湿，止痛；用于风寒头痛，鼻塞流涕，鼻鼽，鼻渊，风疹瘙痒，湿痹拘挛。用法与用量：3～10g。注意：血…,**简明**：苍耳子辛苦温有小毒，散风寒、通鼻窍、祛风湿止痛，为治鼻渊鼻塞之要药。**详解**：鼻渊鼻塞流涕配辛夷、白芷、薄荷（苍耳子散）；风寒头痛配川芎、防风；风湿痹痛配威灵仙、秦艽。**本品有毒**，不可过量久服（成人超 30g 可中毒），血虚头痛忌用。,,
q056,鼻塞流清涕，遇冷加重，中医怎么治？,case,qixu_qixian_001,中医诊断学,辨证,气虚证与气陷证,气病辨证之虚证类。据规划教材《中医诊断学》归纳：气虚证以神疲乏力、少气懒言、气短、自汗、活动后诸症加重、面色淡白、舌淡苔白、脉虚无力为辨证要点；气陷证为气虚之进一步发展，在气虚基础上兼见头晕目眩、脘腹坠胀、便意频数、内脏下垂（胃下垂、脱肛、阴挺等）、舌淡苔白、脉弱。,气虚证治宜益气；气陷证治宜益气升提（升阳举陷）。临证以神疲、少气、自汗、活动加重、脉虚为气虚辨证眼目；气陷必以气虚为前提，更见坠胀与内脏下垂，病位多在脾（中气下陷）。二者均属虚证，须与气滞之实证胀闷相鉴别——气虚则胀而喜按、时作时止，气滞则胀而拒按、走窜不定。,,
q056,鼻塞流清涕，遇冷加重，中医怎么治？,case,xinxu_001,中医诊断学,辨证,心气虚证与心阳虚证,心病虚证类。据规划教材《中医诊断学》归纳：心气虚证以心悸怔忡、气短、活动后加重、自汗、面色淡白、舌淡苔白、脉虚为要点；心阳虚证在心气虚基础上兼见畏寒肢冷、心痛（闷痛或隐痛）、面色㿠白、舌淡胖嫩、脉沉迟无力；心阳暴脱则见冷汗淋漓、四肢厥冷、口唇青紫、神志模糊、脉微欲绝。,心气虚治宜益气养心；心阳虚治宜温通心阳；心阳暴脱治宜回阳救逆。三者为一逐渐加重之层次：心悸、气短、活动加重为心气虚辨证眼目；兼畏寒肢冷、闷痛为心阳虚；冷汗肢厥、脉微欲绝为心阳暴脱之危候。病位在心，须与肺气虚之短气自汗相鉴别——心病以心悸为主症，肺病以咳喘为主症。,,
q056,鼻塞流清涕，遇冷加重，中医怎么治？,case,ganmao_002,中医临床诊疗指南/专家共识（要点归纳）,现代中医,感冒·辨证论治要点,据现行中医内科常见病诊疗指南：感冒以卫表不和、肺失宣肃为基本病机，辨证首分风寒、风热，兼辨暑湿、气虚、阴虚等兼证；风寒束表治宜辛温解表，风热犯表治宜辛凉解表。（要点归纳，非原文照录。）,感冒为外感风邪犯表之常见病证，指南要点：以鼻塞、流涕、恶寒发热、头痛、脉浮为主症，辨证分风寒（重、荆防败毒散类）与风热（轻、银翘散类）两大型，结合兼夹施治；配合休息、多饮水、避风寒等调护。本条目为要点归纳，供参考；具体诊疗请遵医嘱。,,
q056,鼻塞流清涕，遇冷加重，中医怎么治？,case,fengyin_001,中医诊断学,辨证,风淫证,风淫证为六淫辨证之一，系外感风邪或肝风内动所致。据规划教材《中医诊断学》归纳：外风证以恶风寒、发热、汗出、头痛、鼻塞、瘙痒、肢体关节游走疼痛、脉浮缓为辨证要点；其性善行数变、轻扬开泄，故病位游移、起病急、变化快。内风（肝风）另见眩晕、抽搐、震颤等，属脏腑辨证范畴。,风为百病之长，为阳邪，其性开泄、善行数变、易袭阳位。外风治宜疏风解表；风邪常兼它邪（风寒、风热、风湿）袭人。临证以恶风、汗出、脉浮缓、瘙痒游走为辨证眼目，并须与内风（肝阳化风、热极生风等）相区别——外风多新起表证，内风多见眩晕抽搐而属里证。,,
q056,鼻塞流清涕，遇冷加重，中医怎么治？,case,baizhi_001,中国药典（2025年版）一部,解表药,白芷,据《中国药典》2025 年版一部：白芷为伞形科植物白芷 Angelica dahurica (Fisch. ex Hoffm.) Benth. et Hook. f. 或杭白芷 Angelica dahurica (Fisch. ex Hoffm.) Benth. et Hook. f. var. formosana …,**简明**：白芷辛温，解表散寒、祛风止痛、宣通鼻窍、燥湿止带、消肿排脓，善治阳明经头面诸痛（前额、眉棱骨痛）与鼻渊。**详解**：风寒头痛配川芎、羌活；眉棱骨痛、牙痛配石膏；鼻渊鼻塞配苍耳子、辛夷（苍耳子散）；带下寒湿配白术、山药，湿热配黄柏、车前子；疮疡肿痛配金银花、皂角刺。辛香温燥，阴虚血热者忌服。,,
q056,鼻塞流清涕，遇冷加重，中医怎么治？,case,xixin_001,中国药典（2025年版）一部,解表药,细辛,据《中国药典》2025 年版一部：细辛为马兜铃科植物北细辛 Asarum heterotropoides Fr. Schmidt var. mandshuricum (Maxim.) Kitag.、汉城细辛 Asarum sieboldii Miq. var. seoulense Nakai 或华细辛 Asarum s…,**简明**：细辛辛温，解表散寒、祛风止痛、通窍、温肺化饮，主治少阴风寒、头痛牙痛、鼻渊及寒饮咳喘。**详解**：配麻黄、附子治阳虚外感（麻黄附子细辛汤）；配干姜、五味子、半夏温肺化饮（小青龙汤）；鼻渊配苍耳子、白芷；牙痛可煎水含漱。本品有小毒，**用量 1～3g，散剂不过钱**，不宜与藜芦同用，气虚多汗、阴虚阳亢者忌…,,
q056,鼻塞流清涕，遇冷加重，中医怎么治？,case,wuxingmuzixiangji_001,《中医基础理论》规划教材（要点归纳）,阴阳五行,五行母子相及·母病及子子病犯母,"母子相及，指五行相生关系异常时，母行与子行之间的相互累及。母病及子，指母行之病传及子行（如水不涵木，肾阴不足累及肝阴）；子病犯母（又称""子盗母气""），指子行之病传及母行（如心火亢盛累及肾水）。二者皆为相生关系的失常传变。","母子相及是五行相生关系的病理表现：与相乘相侮（相克异常）相对，母子相及为相生异常。母病及子多由母虚累及子，病情渐进；子病犯母多因子盛而累母，病情较重。中医学据此提出""虚则补其母、实则泻其子""的治则，如滋水涵木、培土生金。学习时应将相生/相克、正常制化/异常乘侮与母子相及对照成组记忆。",,
q056,鼻塞流清涕，遇冷加重，中医怎么治？,case,nanjing_017,难经,第十七难,第十七难,曰：经言病或有死，或有不治自愈，或连年月不已，其死生存亡，可切脉而知之耶？  然：可尽知也。  诊病若闭目不欲见人者，脉当得肝脉强急而长，反得肺脉浮短而涩者，死也。  病若开目而渴，心下牢者，脉当得紧实而数，而反得沉涩而微者，死也。  病若吐血，复鼽衄血者，脉当沉细，而反浮大而牢者，死也。  病若谵言妄语，身当有热，脉…,本难论脉证相反之死候。如闭目不欲见人当得肝脉反得肺脉、吐血鼽衄当沉细反浮大、谵妄身热当洪大反沉细等，皆脉证相反，为死证。,,
q056,鼻塞流清涕，遇冷加重，中医怎么治？,case,sanjiao_001,中医诊断学,辨证,三焦辨证,"吴鞠通《温病条辨》：""温病由口鼻而入，鼻气通于肺，口气通于胃。肺病逆传则为心包。上焦病不治，则传中焦，胃与脾也；中焦病不治，即传下焦，肝与肾也。始上焦，终下焦。""据规划教材《中医诊断学》归纳：上焦病证以发热微恶风寒、头痛、咳嗽、口微渴（肺卫），或身热午后加重、神昏谵语（逆传心包）为要点；中焦病证以身热不恶寒反恶热、面赤…",三焦辨证为吴鞠通所创，以三焦部位划分温热病之阶段层次，尤长于湿温。上焦主肺与心包，治宜辛凉宣肺或清心开窍；中焦主脾胃，温热者治宜清气通下，湿热者治宜辛开苦降；下焦主肝肾，治宜滋阴息风。传变多从上焦→中焦→下焦（顺传），或由肺逆传心包。临证以脏腑定位加温热/湿热之辨为眼目，与卫气营血辨证相互补充。,,
q056,鼻塞流清涕，遇冷加重，中医怎么治？,case,wentong_001,中医诊断学,四诊,问疼痛性质,疼痛总由「不通则痛」「不荣则痛」。教材以疼痛性质分虚实寒热：新病痛剧拒按多实，久病痛缓喜按多虚；得温则减多寒，遇热加重多热。,胀痛：痛而且胀，胀甚于痛，多为气滞，胸胁脘腹胀痛多属肝胃气滞。刺痛：痛如针刺、固定不移，多为血瘀。冷痛：痛有冷感、得温则减，多属寒证，常见于腰脊、脘腹、四肢关节。灼痛：痛有灼热感、得凉则舒，多属热证。重痛：痛且沉重、如物裹身，多属湿困，常见于头部、四肢。绞痛：痛势剧烈如刀绞，多因有形实邪阻闭气机（瘀血、蛔虫、结石）或寒…,,
q056,鼻塞流清涕，遇冷加重，中医怎么治？,case,benglou_001,《中医妇科学》规划教材（要点归纳）,妇科,崩漏·经血非时暴下不止或淋漓不尽,"崩漏是指经血非时而下，暴下不止为""崩""，淋漓不尽为""漏""，二者常相互转化。病因多为脾虚统摄无权、肾虚封藏失司、血热扰冲、瘀阻血不归经。治疗遵从""塞流、澄源、复旧""三法。",崩漏为月经病重证，治疗急则塞流止血，缓则澄源求因，善后复旧调理。出血量多势急者须立即就医，警惕贫血、子宫内膜病变等。教材要点归纳，供参考；具体诊疗请遵医嘱。,,
q056,鼻塞流清涕，遇冷加重，中医怎么治？,case,zhongqi_001,《中医基础理论》规划教材（要点归纳）,气血津液,中气·中焦脾胃之气运化升清,中气，指中焦脾胃之气，是对脾胃运化、升清功能的概括。中气由水谷精气化生，主司水谷运化、升清降浊。中气健则消化吸收正常、清气上升；中气下陷则见食少倦怠、脘腹坠胀、内脏下垂等。,中气即中焦脾胃之气，是对脾胃运化升清功能的概括。李东垣补土派即重中气升降。理解中气，有助于把握脾胃为后天之本、气血生化之源的理论。本条为基础理论，不涉及具体诊疗。,,
q056,鼻塞流清涕，遇冷加重，中医怎么治？,case,heiban_001,《中医皮肤性病学》规划教材（要点归纳）,皮肤,黧黑斑·面部黄褐斑,黧黑斑是指面部出现大小不一、形状不规则的黄褐色斑片，对称分布，无自觉症状，日晒后加重。病机多与肝郁气滞、脾土亏虚、肾水不足有关，气血不能上荣于面所致。辨证分肝郁气滞、脾虚、肾阴不足三型。,黧黑斑即黄褐斑，多见于育龄女性，与日晒、情志、内分泌相关。治疗以内调脏腑气血为主，外注意防晒。病程较长，需坚持调理，不承诺速效。,,
q056,鼻塞流清涕，遇冷加重，中医怎么治？,case,yuxuebianzheng_001,《中医诊断学》规划教材（要点归纳）,辨证,瘀血辨证·瘀阻不同部位证候各异,瘀血辨证是辨别瘀血停留部位与性质。临床表现：刺痛固定不移、拒按、夜间加重；或体表青紫肿块、腹内癥积；或出血反复、色紫黑夹血块；面色黧黑、口唇爪甲青紫；舌紫暗或有瘀斑、脉涩。,瘀血辨证以刺痛、肿块、紫绀、瘀斑、脉涩为要点。内脏出血、剧烈胸痛、偏瘫须立即就医。此为教材要点归纳，供参考；具体诊疗请遵医嘱，不引导自我诊断。,,
q056,鼻塞流清涕，遇冷加重，中医怎么治？,case,ganmao_001,中医内科学,肺系病证,感冒,《素问·骨空论》：「风者百病之始也……风从外入，令人振寒，汗出头痛，身重恶寒。」 《伤寒论》以麻黄汤、桂枝汤开创外感风寒辨证论治先河。北宋·杨仁斋《仁斋直指方·诸风》始见「感冒」之名。（据规划教材《中医内科学·肺系病证·感冒》归纳）,感冒系外感风邪或时行病毒、客于肺卫，卫表不和、肺失宣肃所致，以鼻塞、流涕、喷嚏、头痛、恶寒发热、脉浮为特征，为时令外感病，时行感冒具传染性、病情较重。辨证首察表实表虚与兼夹：风寒束表（荆防达表汤辛温解表）、风热犯表（银翘散辛凉解表）、暑湿伤表（新加香薷饮清暑祛湿）；虚体感冒分气虚（参苏饮益气解表）、阴虚（加减葳蕤汤滋阴…,,
q056,鼻塞流清涕，遇冷加重，中医怎么治？,case,shanghan_565,伤寒论,辨痉湿暍脉证,湿家病（第565条）,湿家病，身上疼痛，发热面黄而喘，头痛，鼻塞而烦，其脉大，自能饮食，腹中和无病，病在头中寒湿，故鼻塞，内药鼻中，则愈。,本条论述痉湿暍之脉证。症见发热、头痛、烦、喘。当审其表里寒热、虚实传变而施治。,,
q056,鼻塞流清涕，遇冷加重，中医怎么治？,case,dongchuang_001,《中医皮肤性病学》规划教材（要点归纳）,皮肤,冻疮·低温部位红斑肿胀水疱糜烂,冻疮是由低温寒冷引起的局部皮肤末梢部位瘀血性红斑肿胀性疾病，好发于耳廓、手足。以局部红斑肿胀、灼热瘙痒、水疱糜烂为特征，遇热加重、寒冬发病。病机多为寒凝血瘀、气血运行不畅，或寒久化热成毒。,冻疮须注意保暖、渐温复温（忌火烤热水烫）。寒凝血瘀用当归四逆汤温经散寒，破溃感染用清热解毒。若大面积冻伤、皮肤变黑坏死须及时就医。本条目为教材要点归纳，供参考；具体诊疗请遵医嘱。,,
q056,鼻塞流清涕，遇冷加重，中医怎么治？,case,jiaoqishui_001,《中医皮肤性病学》规划教材（要点归纳）,皮肤,脚湿气·足趾水疱糜烂脱屑足癣,脚湿气是发生于足部的癣病，即西医学足癣。临床分水疱型、糜烂型、脱屑型（角化型），以足趾间或足底水疱、糜烂、浸渍、脱屑、瘙痒为特征，夏季加重。病机多为湿热下注、蕴积肌肤，或病久血虚风燥、肌肤失养。,脚湿气即足癣，真菌传染性强，须保持足部干燥透气。糜烂渗液以湿敷清热利湿为主，角化脱屑以养血润燥、配抗真菌外治。红肿化脓、发热（丹毒）须及时就医。本条目为教材要点归纳，供参考；具体诊疗请遵医嘱。,,
q056,鼻塞流清涕，遇冷加重，中医怎么治？,case,zhengxiexiangzheng_001,《中医基础理论》规划教材（要点归纳）,病因病机,正邪相争·正气与邪气斗争决定发病与转归,"正邪相争，指正气与邪气相互斗争的过程。它关系到疾病的发生、发展和转归：正胜邪却则不病或向愈，邪胜正负则发病或加重。正邪斗争的盛衰，还决定病证的虚实变化——""邪气盛则实，精气夺则虚""。","正邪相争是贯穿发病到转归的主线：正与邪的力量对比决定生不生病、病轻病重、好转还是恶化。它也是八纲中虚实辨证的根据——邪气盛为实，正气夺为虚。学习时应把正邪相争与""扶正祛邪""""补虚泻实""的治则联系起来。",,
q056,鼻塞流清涕，遇冷加重，中医怎么治？,case,zhuweibing_001,中医临床诊疗指南/专家共识（要点归纳）,现代中医,治未病四大状态·三级预防要点,"据治未病指南专家共识：以""未病先防、既病防变、瘥后防复""为核心，按人群状态分未病、欲病、已病、瘥后四阶段，分别施以健康调养、早期干预、阻断传变、防止复发。（要点归纳，非原文照录。）",治未病是中医预防医学核心思想，现代治未病指南将人群状态归纳为未病、欲病、已病、瘥后四大阶段，对应三级预防：未病与欲病阶段主未病先防，通过体质辨识、饮食、起居、运动、情志调养增强体质；已病阶段主既病防变，早期干预、阻断疾病传变加重；瘥后阶段主瘥后防复，病愈后巩固调养、防其复发。本条目为要点归纳，供参考；具体诊疗请遵医嘱。,,
q056,鼻塞流清涕，遇冷加重，中医怎么治？,case,shanghan_294,伤寒论,辨少阴病脉证并治,强发少阴汗下厥上竭（第294条）,少阴病，但厥无汗，而强发之，必动其血，未知从何道出，或从口鼻，或从目出，是名下厥上竭，为难治。,"少阴病但厥无汗，本为阳虚，若强发其汗，必扰动阴血、逼血妄行，血或从口鼻、或从目出。下部厥冷、阴血上竭，名""下厥上竭""，阴阳两伤，故为难治。",,
q056,鼻塞流清涕，遇冷加重，中医怎么治？,case,chuanxiongchatiao_001,《方剂学》规划教材（要点归纳）,治风剂,川芎茶调散·疏风止痛治外感风邪头痛,"传统方歌：""川芎茶调散荆防，辛芷薄荷甘草羌，目昏鼻塞风攻上，偏正头痛悉能康。""（《太平惠民和剂局方》方，据教材要点归纳：川芎、荆芥、白芷、羌活、甘草、细辛、防风、薄荷，以清茶调下，各约常用量，为散或煎服。）",川芎茶调散为疏散外风、疏风止痛代表方，主治外感风邪头痛，症见偏正头痛、巅顶作痛、恶寒发热、目眩鼻塞、苔薄白、脉浮。功能疏风止痛，为治风邪上犯头面、偏正头痛之名方。使用注意：方多辛温升散，久病气虚、血虚、肝阳上亢之头痛非宜；以清茶调下意取苦寒清上。本方为要点归纳，供参考；具体用药请遵医嘱。,,
q056,鼻塞流清涕，遇冷加重，中医怎么治？,case,chuanxiongchatiaowan_001,《中国药典》一部/药品说明书（要点归纳）,解表剂/中成药,川芎茶调丸·疏风止痛,据现行版《中国药典》一部与药品说明书要点归纳：本品由川芎、白芷、羌活、细辛、防风、薄荷、荆芥、甘草等组成，具疏风止痛之功，用于外感风邪所致头痛，或有恶寒、发热、鼻塞。用法用量按说明书清茶送服。,川芎茶调丸为古方川芎茶调散改制的常用疏风止痛类中成药，用于外感风邪之偏正头痛、恶寒鼻塞。方中含细辛、羌活，辛温升散，气虚、血虚、肝阳上亢、高血压引起的头痛不宜，孕妇慎服。本条目为中成药，请按说明书或在医师指导下使用。,,
q056,鼻塞流清涕，遇冷加重，中医怎么治？,case,ganqi_001,中国药典（2025年版）一部,活血化瘀药,干漆,据《中国药典》2025 年版一部：干漆为漆树科植物漆树 Toxicodendron vernicifluum (Stokes) F. A. Barkl. 的树脂经加工后的干燥品（药用部位：树脂加工品）。性味辛、苦，温；有毒；归肝、脾经。功能与主治：破瘀通经，消积杀虫；用于瘀血经闭，癥瘕积聚，虫积腹痛。用法与用量：2～5…,**简明**：干漆辛苦温有毒，破瘀通经而消积杀虫，为峻烈破癥之品，用于顽固瘀血癥瘕。。**详解**：瘀血经闭、癥瘕积聚配三棱、莪术、水蛭（大黄䗪虫丸类）；虫积腹痛配槟榔、使君子。**有毒**，内服须煅或炒至烟尽，用量 2～5g；**孕妇及漆过敏者禁用**。,,
q056,鼻塞流清涕，遇冷加重，中医怎么治？,case,yinsheng_001,中医诊断学,四诊,音声与语言（语声·呼吸·咳嗽·呕吐）,闻诊包括听声音与嗅气味。教材归纳：语声高低辨虚实，呼吸粗细辨正邪，咳嗽呕哕之声辨病位病性。《素问·脉要精微论》「声如从室中言，是中气之湿也」为闻声辨证之典范。,语声宏亮、多言躁动属实证热证；语声低微、懒言重复属虚证寒证。呼吸气粗有力为肺实热或阳明腑实；呼吸气微、气短不足以息为肺肾气虚。语言异常：神识不清、语无伦次、声高有力为谵语，属热扰心神之实证；神识不清、语言重复、时断时续、声低无力为郑声，属心气大伤之虚证。咳嗽：咳声重浊兼鼻塞流涕多外感风寒；咳声清脆多燥咳；咳声不畅、痰多…,,
q056,鼻塞流清涕，遇冷加重，中医怎么治？,case,snb_xinyi_001,神农本草经,上经,辛夷,辛夷，味辛，温。主五脏身体寒热，风头脑痛，面皯。久服，下气轻身，明目，增年耐老。一名辛矧，一名侯桃，一名房木。生川谷。,辛夷辛温，散风寒、通鼻窍，主治风寒头痛、鼻塞鼻渊、鼻流浊涕，为治鼻病要药。内服宜包煎。,,
q056,鼻塞流清涕，遇冷加重，中医怎么治？,case,suwen_004,黄帝内经素问,金匮真言论篇第四,金匮真言论篇第四,黄帝问曰：天有八风，经有五风，何谓？岐伯对曰：八风发邪以为经风，触五脏，邪气发病。所谓得四时之胜者，春胜长夏，长夏胜冬，冬胜夏，夏胜秋，秋胜春，所谓四时之胜也。东风生于春，病在肝，俞在颈项；南风生于夏，病在心，俞在胸胁；西风生于秋，病在肺，俞在肩背；北风生于冬，病在肾，俞在腰股；中央为土，病在脾，俞在脊。故春气者，病在…,本篇论八风发邪触五脏为病，按四方四时分属五脏及其俞穴、病证与多发时令，谓春善病鼽衄、仲夏病胸胁、长夏洞泄、秋风疟、冬痹厥。又论人身背腹脏腑阴阳之分，及五脏与五方五色五味五音五行之相应，以此察五脏逆从、阴阳表里。强调精为身之本，藏于精者春不病温。,,
q056,鼻塞流清涕，遇冷加重，中医怎么治？,case,fengjiao_001,中国药典（2025年版）一部,补虚药,蜂胶,据《中国药典》2025 年版一部：蜂胶为蜜蜂科昆虫意大利蜂 Apis mellifera Linnaeus 工蜂采集的植物树脂与其上颚腺、蜡腺分泌物混合形成的固体胶状物（药用部位：加工品）。性味苦、辛，平；归脾、胃经。功能与主治：补虚弱，化浊脂，止消渴；外用解毒消肿，收敛生肌；用于体虚早衰，高脂血症，消渴；外治皮肤皲裂…,**简明**：蜂胶苦辛平，补虚弱而化浊脂、止消渴，现代多用于高脂血症与体虚调理。。**详解**：体虚早衰配黄芪、枸杞子；高脂血症配山楂、决明子；消渴配葛根、天花粉；外用治皲裂烫伤。**过敏体质者慎用**。,,
q056,鼻塞流清涕，遇冷加重，中医怎么治？,case,shanghan_342,伤寒论,辨厥阴病脉证并治,厥多热少其病为进（第342条）,伤寒厥四日，热反三日，复厥五日，其病为进，寒多热少，阳气退，故为进也。,厥四日而热三日，复厥五日，厥多热少，为阴寒偏盛、阳气衰退，其病为进（加重）。此与上条厥少热多为愈相对，以厥热日数多少判断病情进退。,,
q056,鼻塞流清涕，遇冷加重，中医怎么治？,case,meichong_001,针灸学,足太阳膀胱经,眉冲,出《针灸甲乙经》。,眉冲为足太阳膀胱经穴，定位在头部，额切迹直上入发际0.5寸。主治头痛、眩晕、鼻塞、癫痫。刺法：平刺0.3～0.5寸；禁灸。,,
q056,鼻塞流清涕，遇冷加重，中医怎么治？,case,snb_xixin_001,神农本草经,上经,细辛,细辛，味辛，温。主咳逆头痛，脑动，百节拘挛，风湿痹痛，死肌。久服，明目利九窍，轻身长年。一名小辛。生山谷。,细辛辛温，解表散寒、祛风止痛、通窍、温肺化饮，主治风寒感冒、头痛牙痛、鼻塞鼻渊、风湿痹痛及痰饮咳喘。用量宜轻，反藜芦。,,
q056,鼻塞流清涕，遇冷加重，中医怎么治？,case,shangxing_001,针灸学,督脉,上星,出《针灸甲乙经》。,上星为督脉穴。在头部，前发际正中直上1寸。主治鼻渊、鼻衄、鼻塞、头痛、目痛、眩晕、热病、癫狂痫。刺法：平刺0.5～0.8寸；可灸。,,
q056,鼻塞流清涕，遇冷加重，中医怎么治？,case,xingsusan_001,《方剂学》规划教材（要点归纳）,治燥剂,杏苏散·轻宣凉燥,"传统方歌：""杏苏散内夏陈前，枳桔苓草姜枣研，轻宣温润治凉燥，咳止痰化病自痊。""（《温病条辨》方，据教材要点归纳：苏叶、杏仁、半夏、茯苓、前胡、桔梗、枳壳、橘皮、甘草、生姜、大枣各约常用量，水煎服。）",杏苏散为轻宣凉燥代表方，主治外感凉燥，症见恶寒无汗、咳嗽痰稀、鼻塞咽干。本方为要点归纳，供参考；具体用药请遵医嘱。,,
q056,鼻塞流清涕，遇冷加重，中医怎么治？,case,gancaoxiexintang_001,伤寒论,辨太阳病脉证并治下,甘草泻心汤方,伤寒中风，医反下之，其人下利，日数十行，谷不化，腹中雷鸣，心下痞硬而满，干呕，心烦不得安。医见心下痞，谓病不尽，复下之，其痞益甚，此非结热，但以胃中虚，客气上逆，故使硬也，甘草泻心汤主之。 甘草泻心汤方 甘草四两（炙） 黄芩三两 干姜三两 半夏半升（洗） 大枣十二枚（擘） 黄连一两 上六味，以水一斗，煮取六升，去滓，再…,甘草泻心汤即半夏泻心汤加重炙甘草用量，主治脾胃虚弱较甚之痞证，症见心下痞硬而满、下利日数十行、谷不化、干呕心烦。重用甘草补中和胃，余药辛开苦降以消痞止利。,,
q056,鼻塞流清涕，遇冷加重，中医怎么治？,case,feiyanchuansou_001,《中医儿科学》规划教材（要点归纳）,儿科,肺炎喘嗽·发热咳嗽气促鼻煽,肺炎喘嗽是小儿时期常见的肺系病证，以发热、咳嗽、痰壅、气促、鼻煽为主要症状。病因多为外感风邪、内犯于肺，致肺气郁闭。辨证分风热闭肺、风寒闭肺、痰热闭肺、毒热闭肺及恢复期阴虚肺热、肺脾气虚等型。,肺炎喘嗽为小儿重证，治疗以宣肺开闭、化痰平喘为大法。凡高热不退、喘憋鼻煽、口唇紫绀、精神萎靡者须立即就医。教材要点归纳，供参考；具体诊疗请遵医嘱。,,
q056,鼻塞流清涕，遇冷加重，中医怎么治？,case,xuanmaoganjiekeli_001,《中国药典》一部/药品说明书（要点归纳）,清热剂/中成药,玄麦甘桔颗粒·清热滋阴祛痰利咽,据现行版《中国药典》一部与药品说明书要点归纳：本品由玄参、麦冬、甘草、桔梗等组成，具清热滋阴、祛痰利咽之功，用于阴虚火旺、虚火上浮所致口鼻干燥、咽喉肿痛、干咳少痰。用法用量按说明书开水冲服。,玄麦甘桔颗粒为药简力专的滋阴清热、利咽类中成药，用于阴虚火旺之口鼻干燥、咽喉肿痛、干咳。本品偏凉润，外感风寒、痰湿咳嗽及脾胃虚寒便溏者慎用。服药期间忌烟酒辛辣鱼腥；咽喉肿痛剧烈、高热者应就医。本条目为中成药，请按说明书或在医师指导下使用。,,
q056,鼻塞流清涕，遇冷加重，中医怎么治？,case,zaoxie_001,《中医基础理论》规划教材（要点归纳）,病因病机,燥邪·燥性干涩易伤津液伤肺,燥邪为六淫之一，其性干涩，多犯肺脏。致病特点：燥性干涩，易伤津液，见口鼻干燥、咽干口渴、皮肤干涩、毛发不荣；燥易伤肺，肺为娇脏喜润恶燥，见干咳少痰、痰黏难咯、喘息胸痛。初秋尚热多温燥，深秋近寒多凉燥。,燥邪干涩伤津、易伤肺脏，分温燥、凉燥。临床见口鼻干燥、咽干口渴、干咳少痰、皮肤干涩者，多属燥邪为患。本条为病因基础理论，不涉及具体诊疗。,,
q056,鼻塞流清涕，遇冷加重，中医怎么治？,case,wangbi_001,《中医诊断学》规划教材（要点归纳）,四诊,望鼻·鼻之色泽形态鼻涕,望鼻是观察鼻之色泽形态及鼻涕。鼻为肺之窍，属脾经。鼻端色赤为脾肺蕴热；鼻端色青为阴寒腹痛；鼻端晦暗枯槁为胃气已衰；鼻涕清稀为外感风寒；鼻涕黄稠为外感风热；鼻翼煽动为肺热喘促。,鼻为肺窍，鼻之色泽形态鼻涕反映肺与脾胃寒热。鼻翼煽动、鼻衄不止、鼻柱溃烂须就医。此为教材要点归纳，供参考；具体诊疗请遵医嘱，不引导自我诊断。,,
q056,鼻塞流清涕，遇冷加重，中医怎么治？,case,jiuzhazi_001,《中医皮肤性病学》规划教材（要点归纳）,皮肤,酒齄鼻,酒齄鼻是发生于鼻及面部中央的慢性皮肤病，以鼻尖鼻翼红斑、毛细血管扩张、丘疹脓疱甚至鼻赘肥大为特征。多由肺胃热盛、热毒蕴肤或气滞血瘀引起。辨证分肺胃热盛、热毒蕴肤、气滞血瘀等型。,酒齄鼻治疗宜清泻肺胃、凉血活血，忌饮酒、辛辣、高温刺激。鼻赘形成期须专科处理。教材要点归纳，供参考；具体诊疗请遵医嘱。,,
q056,鼻塞流清涕，遇冷加重，中医怎么治？,case,fei_001,《中医基础理论》规划教材（要点归纳）,藏象,肺·主气司呼吸主行水朝百脉,肺为五脏之一，主要生理功能：主气司呼吸，主一身之气与呼吸之气；主行水，通过肺气宣降推动水液输布排泄；朝百脉，全身血液会聚于肺进行气体交换。肺在体合皮，其华在毛，开窍于鼻，在液为涕，与大肠相表里。,"肺居上焦，为华盖、娇脏，主气司呼吸、主行水、朝百脉。其生理与现代医学呼吸系统相近，又通过""通调水道""与水液代谢相关。临床见咳嗽、气喘、鼻塞、皮毛憔悴等多从肺论治。本条为基础理论，不涉及具体诊疗。",,
q056,鼻塞流清涕，遇冷加重，中医怎么治？,case,tongjing_001,《中医妇科学》规划教材（要点归纳）,妇科,痛经·经期或经行前后小腹疼痛,"痛经是指妇女正值经期或经行前后，出现周期性小腹疼痛，或痛引腰骶，甚至剧痛晕厥者。病因多为气滞血瘀、寒凝胞中、湿热蕴结或气血肝肾亏虚，致胞宫气血运行不畅""不通则痛""或失养""不荣则痛""。辨证分气滞血瘀、寒凝血瘀、湿热蕴结、气血虚弱、肝肾亏损等型。",痛经辨证分虚实：实者经前或经期痛、拒按，治宜通；虚者经后痛、喜按，治宜养。疼痛剧烈、进行性加重者须排除子宫内膜异位症、盆腔炎等。教材要点归纳，供参考；具体诊疗请遵医嘱。,,
q056,鼻塞流清涕，遇冷加重，中医怎么治？,case,sanhuangpian_001,《中国药典》一部/药品说明书（要点归纳）,清热剂/中成药,三黄片·清热解毒泻火通便,据现行版《中国药典》一部与药品说明书要点归纳：本品由大黄、盐酸小檗碱、黄芩浸膏等组成，具清热解毒、泻火通便之功，用于三焦热盛所致目赤肿痛、口鼻生疮、咽喉肿痛、牙龈出血、心烦口渴、尿黄便秘。用法用量按说明书口服。,三黄片为常用清热解毒、泻火通便类中成药，用于三焦实热证。本品含大黄与小檗碱，孕妇忌用，溶血性贫血患者及葡萄糖-6-磷酸脱氢酶缺乏者禁用；服药后大便次数增多、便溏者应减量；不宜与含鞣质中药同用。本条目为中成药，请按说明书或在医师指导下使用。,,
q056,鼻塞流清涕，遇冷加重，中医怎么治？,case,chengguang_001,针灸学,足太阳膀胱经,承光,出《针灸甲乙经》。《针灸甲乙经》：承光，在五处后二寸。,承光为足太阳膀胱经穴，定位在头部，前发际正中直上2.5寸，旁开1.5寸。主治头痛、眩晕、目视不明、鼻塞。刺法：平刺0.3～0.5寸；可灸。,,
q056,鼻塞流清涕，遇冷加重，中医怎么治？,case,qucha_001,针灸学,足太阳膀胱经,曲差,出《针灸甲乙经》。《针灸甲乙经》：曲差，一名鼻冲，在神庭旁一寸五分，入发际。,曲差为足太阳膀胱经穴，定位在头部，前发际正中直上0.5寸，旁开1.5寸。主治头痛、眩晕、目视不明、鼻塞、鼻衄。刺法：平刺0.5～0.8寸；可灸。,,
q056,鼻塞流清涕，遇冷加重，中医怎么治？,case,yuzhen_001,针灸学,足太阳膀胱经,玉枕,出《针灸甲乙经》。《针灸甲乙经》：玉枕，在络却后七分，侠脑户旁一寸三分，起肉枕骨上。,玉枕为足太阳膀胱经穴，定位在头部，横平枕外隆凸上缘，后发际正中旁开1.3寸。主治头项痛、目痛、目视不明、鼻塞。刺法：平刺0.3～0.5寸；可灸。,,
q056,鼻塞流清涕，遇冷加重，中医怎么治？,case,muchuang_001,针灸学,足少阳胆经,目窗,出《针灸甲乙经》。,目窗为足少阳、阳维脉交会穴，定位在头部，前发际上1.5寸，头正中线旁2.25寸。主治头痛、目赤肿痛、青盲、近视及鼻塞。操作平刺0.5～0.8寸；可灸。,,
q056,鼻塞流清涕，遇冷加重，中医怎么治？,case,suliao_001,针灸学,督脉,素髎,出《针灸甲乙经》。,素髎为督脉穴。在面部，鼻尖正中央。主治鼻渊、鼻衄、鼻塞、鼻息肉、喘息、昏迷、惊厥、新生儿窒息。刺法：向上斜刺0.3～0.5寸，或点刺出血；不灸。,,
q056,鼻塞流清涕，遇冷加重，中医怎么治？,case,chengling_001,针灸学,足少阳胆经,承灵,出《针灸甲乙经》。,承灵为足少阳、阳维脉交会穴，定位在头部，前发际上4寸，头正中线旁2.25寸。主治头痛、眩晕、鼻渊鼻塞及鼻衄。操作平刺0.5～0.8寸；可灸。,,
q056,鼻塞流清涕，遇冷加重，中医怎么治？,case,qianding_001,针灸学,督脉,前顶,出《针灸甲乙经》。,前顶为督脉穴。在头部，前发际正中直上3.5寸，百会前1.5寸。主治头痛、眩晕、鼻渊鼻衄、小儿惊风、癫痫。刺法：平刺0.5～0.8寸；可灸。,,
q056,鼻塞流清涕，遇冷加重，中医怎么治？,case,qingfengteng_001,中国药典（2025年版）一部,祛风湿药,青风藤,据《中国药典》2025 年版一部：青风藤为防己科植物青藤 Sinomenium acutum (Thunb.) Rehd. et Wils. 及毛青藤 Sinomenium acutum (Thunb.) Rehd. et Wils. var. cinereum Rehd. et Wils. 的干燥藤茎（药用部位：藤茎…,**简明**：青风藤苦辛平，祛风湿、通经络、利小便，主治风湿痹痛、关节肿胀、麻痹瘙痒，现代常用于类风湿关节炎（青藤碱抗炎镇痛）。**详解**：风湿痹痛配威灵仙、秦艽；关节肿胀配防己、薏苡仁。偶见过敏反应，用量宜从 6g 起。,,
q056,鼻塞流清涕，遇冷加重，中医怎么治？,case,longdanxieganwan_001,《中国药典》一部/药品说明书（要点归纳）,清热剂/中成药,龙胆泻肝丸（水丸）·清肝胆实火利肝经湿热,据现行版《中国药典》一部与药品说明书要点归纳：本品由龙胆草、黄芩、栀子、泽泻、木通、车前子、当归、地黄、柴胡、甘草等组成，具清肝胆、利湿热之功，用于肝胆湿热所致头晕目赤、耳鸣耳聋、耳肿疼痛、胁痛口苦、尿赤涩痛、湿热带下。用法用量按说明书口服。,龙胆泻肝丸为常用清肝胆实火、利湿热类中成药，用于肝胆实火或湿热下注证。本方苦寒败胃，不宜久服；脾胃虚寒、孕妇及年老体虚者慎用；对本品过敏者禁用。本条目为中成药，请按说明书或在医师指导下使用。,,
q056,鼻塞流清涕，遇冷加重，中医怎么治？,case,xinhui_001,针灸学,督脉,囟会,出《针灸甲乙经》。,囟会为督脉穴。在头部，前发际正中直上2寸。主治头痛、眩晕、鼻渊鼻衄、小儿惊痫。刺法：平刺0.5～0.8寸；小儿囟门未闭者禁刺；可灸。,,
q056,鼻塞流清涕，遇冷加重，中医怎么治？,case,tianfu_001,针灸学,手太阴肺经,天府,《灵枢·本输》：腋内动脉，手太阴也，名曰天府。,天府为手太阴肺经穴，定位在臂前外侧，腋前纹头下3寸，肱二头肌桡侧缘。主治咳嗽、气喘、鼻衄及上臂内侧痛。刺法：直刺0.5～1寸；可灸。,,
q056,鼻塞流清涕，遇冷加重，中医怎么治？,case,duanxueliu_001,中国药典（2025年版）一部,止血药,断血流,据《中国药典》2025 年版一部：断血流为唇形科植物风轮菜 Clinopodium chinense (Benth.) O. Kuntze 或灯笼草 Clinopodium polycephalum (Vaniot) C. Y. Wu et Hsuan 的干燥地上部分（药用部位：地上部分）。性味微苦、涩，凉；归肝经。功…,**简明**：断血流微苦涩凉，收敛止血，为治崩漏月经过多与各种出血的常用药。。**详解**：崩漏、月经过多配益母草、茜草；鼻衄咯血配白茅根、侧柏叶；尿血便血配小蓟、地榆；外伤出血研末外敷。,,
q056,鼻塞流清涕，遇冷加重，中医怎么治？,case,shenting_001,针灸学,督脉,神庭,出《针灸甲乙经》。,神庭为督脉、足太阳、足阳明之会。在头部，前发际正中直上0.5寸。主治头痛、眩晕、目赤肿痛、鼻渊鼻衄、癫狂痫、失眠惊悸。刺法：平刺0.5～0.8寸；可灸。,,
q056,鼻塞流清涕，遇冷加重，中医怎么治？,case,xuezhengneike_001,中医内科学,气血津液病证,血证,"血证是指由多种原因引起火热熏灼或气虚不摄，致使血液不循常道，或上溢于口鼻诸窍，或下泄于前后二阴，或渗出于肌肤所形成的一类出血性疾患。《素问·六节藏象论》：""肝者，罢极之本……以生血气。""《金匮要略》对吐血、衄血、便血等证治有所记载，出泻心汤、黄土汤等方。教材以治火、治气、治血为基本原则。",血证共同病机为火热熏灼、迫血妄行及气虚不摄、血溢脉外。辨证首辨病证部位及虚实：鼻衄——热邪犯肺治以清泄肺热、凉血止血，方用桑菊饮；胃热炽盛治以清胃泻火，方用玉女煎；肝火上炎治以清肝泻火，方用龙胆泻肝汤；气血亏虚治以补气摄血，方用归脾汤。齿衄——胃火炽盛治以清胃泻火，方用加味清胃散；阴虚火旺治以滋阴降火，方用六味地黄丸合…,,
q056,鼻塞流清涕，遇冷加重，中医怎么治？,case,zutonggu_001,针灸学,足太阳膀胱经,足通谷,《灵枢·本输》：膀胱……溜于通谷，通谷，本节之前外侧也，为荥。,足通谷定位在足趾，第5跖趾关节远端，赤白肉际处，为足太阳膀胱经荥穴（水）。长于清头泄热、宁神定志，主治头痛、项强、目眩、鼻衄及癫狂。刺法：直刺0.2～0.3寸。,,
q056,鼻塞流清涕，遇冷加重，中医怎么治？,case,xiaoerkesou_001,《中医儿科学》规划教材（要点归纳）,儿科,小儿咳嗽·以咳嗽为主症的肺系疾患,小儿咳嗽是因感受外邪或脏腑功能失调引起肺失宣肃、肺气上逆所致，以咳嗽为主症。小儿脾常不足，易生痰，故咳嗽多兼痰。辨证分外感（风寒、风热）与内伤（痰热、痰湿、阴虚、气虚）两大类。,小儿咳嗽辨证分外感与内伤：外感咳嗽宜疏风宣肺，内伤咳嗽宜调理脏腑化痰。咳嗽伴高热、气促鼻煽、喘憋者须排除肺炎，及时就医。教材要点归纳，供参考；具体诊疗请遵医嘱。,,
q056,鼻塞流清涕，遇冷加重，中医怎么治？,case,ebushicao_001,中国药典（2025年版）一部,解表药,鹅不食草,据《中国药典》2025 年版一部：鹅不食草为菊科植物鹅不食草 Centipeda minima (L.) A. Braun et Aschers. 的干燥全草（药用部位：全草）。性味辛，温；归肺、肝经。功能与主治：发散风寒，通鼻窍，止咳；用于风寒头痛，咳嗽痰多，鼻塞不通，鼻渊流涕。用法与用量：6～9g。外用适量。贮藏：…,**简明**：鹅不食草辛温，发散风寒、通鼻窍、止咳，主治风寒头痛、鼻塞鼻渊、咳嗽痰多。**详解**：鼻渊鼻塞配辛夷、苍耳子，亦可研末吹鼻取嚏；风寒头痛配川芎、防风；咳嗽痰多配紫菀、款冬花。药性辛散，气虚者慎用。,,
q056,鼻塞流清涕，遇冷加重，中医怎么治？,case,dazaijiao_001,中国药典（2025年版）一部,泻下药,大皂角,据《中国药典》2025 年版一部：大皂角为豆科植物皂荚 Gleditsia sinensis Lam. 的干燥成熟果实（药用部位：成熟果实）。性味辛、咸，温；有小毒；归肺、大肠经。功能与主治：祛痰开窍，散结消肿；用于中风口噤，昏迷不醒，癫痫痰盛，关窍不通，痈肿便毒。用法与用量：1～1.5g，多入丸散用。外用适量，研末吹…,**简明**：大皂角辛咸温有小毒，祛痰开窍而散结消肿，为治痰厥昏迷、关窍不通的常用药。。**详解**：中风口噤、昏迷不醒研末吹鼻取嚏（通关散）；癫痫痰盛配白矾；痈肿便毒熬膏外敷。**有小毒**，孕妇及咯血吐血者忌用；内服量宜小（1～1.5g）。,,
q056,鼻塞流清涕，遇冷加重，中医怎么治？,case,wuzangzhiyeqiaohua_001,《中医基础理论》规划教材（要点归纳）,藏象,五脏与志液窍华·藏五志化五液开窍五华外应,五脏除各有所主外，还与精神情志、体液、官窍、外华相应：心在志为喜、在液为汗、开窍于舌、其华在面；肝在志为怒、在液为泪、开窍于目、其华在爪；脾在志为思、在液为涎、开窍于口、其华在唇；肺在志为忧、在液为涕、开窍于鼻、其华在毛；肾在志为恐、在液为唾、开窍于耳及二阴、其华在发。,"""志液窍华""是五脏功能在外在征象上的系统对应：情志、体液、官窍、体表光华都可归属于相应脏腑。这一对应关系使中医可以通过望面色、察舌、按脉、问情志等外在表现推断内脏功能，是藏象学说整体观和司外揣内的体现。学习时应把五志、五液、五华、开窍分别成组熟记，作为辨证的纲领。",,
q056,鼻塞流清涕，遇冷加重，中医怎么治？,case,lingbaozizhijiaonang_001,《中国药典》一部/药品说明书（要点归纳）,补益剂/中成药,灵芝孢子粉胶囊·健脾益气养心安神,据现行版《中国药典》一部与药品说明书要点归纳：本品由破壁灵芝孢子粉制成，具健脾益气、养心安神之功，用于心脾两虚、病后体虚，症见心悸失眠、食少倦怠。用法用量按说明书口服。,灵芝孢子粉胶囊为单味药健脾益气、养心安神类中成药，用于心脾两虚、病后体虚之心悸失眠、食少倦怠。本品药性平和，过敏体质者慎用；作为辅助调养，不能替代正规治疗。病后体虚、失眠持续不改善或伴明显症状者应就医。本条目为中成药，请按说明书或在医师指导下使用。,,
q056,鼻塞流清涕，遇冷加重，中医怎么治？,case,yunnanbaiyao_001,《中国药典》一部/药品说明书（要点归纳）,理血/止咳/中成药,云南白药·化瘀止血活血止痛解毒消肿,据现行版《中国药典》一部与药品说明书要点归纳：本品为云南白药系列制剂，含三七、重楼、草乌（制）等，具化瘀止血、活血止痛、解毒消肿之功，用于跌打损伤、瘀血肿痛、吐血咳血便血痔血、疮疡肿毒及软组织挫伤、闭合性骨折等。用法用量按说明书内服或外用。,云南白药为化瘀止血、活血止痛常用中成药，用于跌打损伤、瘀血肿痛及内外伤出血。本品含草乌（制），须严格按说明书剂量服用，不可超量；孕妇忌用，过敏体质者外用先小面积试用。严重外伤、骨折、大出血或内伤可疑者应立即就医。本条目为中成药，请按说明书或在医师指导下使用。,,
q056,鼻塞流清涕，遇冷加重，中医怎么治？,case,xirunshaoshangruangao_001,《中国药典》一部/药品说明书（要点归纳）,止咳/外妇儿/中成药,湿润烧伤膏·清热解毒止痛生肌,据现行版《中国药典》一部与药品说明书要点归纳：本品由黄连、黄柏、黄芩、地龙、罂粟壳、大豆油等制成油膏，具清热解毒、止痛、生肌之功，用于各种烧、烫、灼伤创面。用法用量按说明书，清创后薄涂于创面。,湿润烧伤膏为清热解毒、止痛生肌的外用油膏，用于烧烫伤创面。本品仅供外用，涂药前宜清洁创面；创面较深、面积较大、起泡破溃或出现红肿渗液化脓、发热者应及时就医，不宜自行处理。用药后如创面疼痛加重或过敏应停用就医。本条目为中成药，请按说明书或在医师指导下使用。,,
q056,鼻塞流清涕，遇冷加重，中医怎么治？,case,zhuyazao_001,中国药典（2025年版）一部,泻下药,猪牙皂,据《中国药典》2025 年版一部：猪牙皂为豆科植物皂荚 Gleditsia sinensis Lam. 的干燥不育成熟果实（药用部位：不育成熟果实）。性味辛、咸，温；有小毒；归肺、大肠经。功能与主治：祛痰开窍，散结消肿；用于中风口噤，昏迷不醒，癫痫痰盛，关窍不通，喉痹痰阻，顽痰喘咳。用法与用量：1～1.5g，多入丸散用…,**简明**：猪牙皂辛咸温有小毒，祛痰开窍而散结消肿，功同大皂角，为治痰厥喉痹的常用药。。**详解**：中风口噤、喉痹痰阻研末吹鼻取嚏；顽痰喘咳配半夏、南星（制）。**有小毒**，孕妇及咯血吐血者忌用。,,
q056,鼻塞流清涕，遇冷加重，中医怎么治？,case,jinye_bing_001,中医诊断学,辨证,津液病辨证（伤津、液耗、痰饮、水停）,津液病辨证分津液不足与水液停聚两类。据规划教材《中医诊断学》归纳：伤津证以口干咽燥、唇鼻皮肤干燥、口渴欲饮、尿少、便干为要点（津伤较轻、病在表）；液耗证（伤阴液）在伤津基础上更见形体消瘦、舌光红无苔、肌肤甲错（病深及阴）；痰证以痰多质黏、眩晕、呕恶、苔腻脉滑为要点；饮证以咳痰清稀、胸胁饱满、肠鸣水声为要点；水停证以水肿…,津液病变分两端：一为津液耗伤（伤津、液耗），治宜生津、滋阴养液；二为水液停聚（痰、饮、水、湿），治宜化痰、蠲饮、利水。临证以干燥诸症辨津伤液耗，以痰多苔腻脉滑辨痰，以水肿小便不利辨水停。痰、饮、水、湿同出一源而质异——稠浊为痰、清稀为饮、泛溢为水、黏滞为湿，须据形质与兼症细分。,,
q056,鼻塞流清涕，遇冷加重，中医怎么治？,case,xingpiyangerkeli_001,《中国药典》一部/药品说明书（要点归纳）,止咳/外妇儿/中成药,醒脾养儿颗粒·醒脾开胃养血安神固肠止泻,据现行版《中国药典》一部与药品说明书要点归纳：本品由一点红、毛大丁草、山栀茶、蜘蛛香等组成，具醒脾开胃、养血安神、固肠止泻之功，用于脾气虚所致儿童厌食、腹泻便溏、烦躁盗汗、遗尿夜啼。用法用量按说明书，儿童用量按年龄酌减。,醒脾养儿颗粒为儿科醒脾开胃、固肠止泻类中成药，用于小儿脾气虚之厌食、便溏、盗汗夜啼。糖尿病患儿（含糖颗粒）及过敏体质者慎用；感冒发热期间不宜。服药期间宜清淡饮食、规律喂养；小儿长期厌食消瘦、腹泻脱水或反复呕吐者应及时就医。本条目为中成药，请按说明书或在医师指导下使用。,,
q056,鼻塞流清涕，遇冷加重，中医怎么治？,case,qingliangyou_001,《中国药典》一部/药品说明书（要点归纳）,止咳/外妇儿/中成药,清凉油·清凉散热醒脑提神止痒止痛,据现行版《中国药典》一部与药品说明书要点归纳：本品由薄荷脑、薄荷素油、樟脑、桉油、丁香油、樟脑油、肉桂油及石蜡、凡士林等制成外用软膏，具清凉散热、醒脑提神、止痒止痛之功，用于伤暑热引起的头痛、晕车、蚊虫叮咬、皮肤瘙痒。用法用量按说明书，需要时取适量涂于太阳穴或患处。,清凉油为清凉散热、止痒止痛的外用药，用于伤暑头痛、晕车及蚊虫叮咬瘙痒。本品仅供外用，避免接触眼睛、口腔黏膜及皮肤破损处；孕妇、婴幼儿慎用，过敏体质者先小面积试用。涂后如皮肤红肿刺痛应停用并清洗；症状持续不缓解或加重者应就医。本条目为中成药，请按说明书或在医师指导下使用。,,
q056,鼻塞流清涕，遇冷加重，中医怎么治？,case,jingwanhongruangao_001,《中国药典》一部/药品说明书（要点归纳）,止咳/外妇儿/中成药,京万红软膏·活血解毒消肿止痛去腐生肌,据现行版《中国药典》一部与药品说明书要点归纳：本品由地榆、地黄、当归、黄连、紫草、血竭、川芎、乳香、没药、槐米、牡丹皮等药味制成软膏，具活血解毒、消肿止痛、去腐生肌之功，用于轻度水火烫伤、创面溃疡、皮肤溃烂肿痛。用法用量按说明书，外用涂敷清创后的创面。,京万红软膏为活血解毒、去腐生肌的外用软膏，用于轻度水火烫伤及创面溃疡。本品仅供外用，勿入口眼；用药前宜先清创，创面较大、深二度以上烫伤、起泡破溃感染或发热者应及时就医，不宜自行处理。涂药后如局部红肿热痛加重或过敏应停用就医。本条目为中成药，请按说明书或在医师指导下使用。,,
q056,鼻塞流清涕，遇冷加重，中医怎么治？,case,zhenggushui_001,《中国药典》一部/药品说明书（要点归纳）,理血/止咳/中成药,正骨水·活血祛瘀舒筋活络消肿止痛,据现行版《中国药典》一部与药品说明书要点归纳：本品由九龙川、木香、海风藤、土鳖虫、豆豉姜、猪牙皂、香加皮、莪术、买麻藤、虎杖、过江龙、香樟、降香、薄荷脑、樟脑等药味制成外用搽剂，具活血祛瘀、舒筋活络、消肿止痛之功，用于跌打损伤、各种骨折脱臼，运动前后搽用可消除疲劳。用法用量按说明书外用搽敷患处。,正骨水为活血祛瘀、舒筋活络、消肿止痛的外用药，用于跌打损伤瘀肿及运动前后舒筋。本品仅供外用，严禁内服，避免接触眼、口腔黏膜；皮肤破损、糜烂处及孕妇腹部禁用，过敏体质者先小面积试用。疑似骨折、关节脱臼或肿胀剧烈者应先就医复位固定。本条目为中成药，请按说明书或在医师指导下使用。,,
q056,鼻塞流清涕，遇冷加重，中医怎么治？,case,baguan_001,中医临床诊疗指南/专家共识（要点归纳）,现代中医,拔罐·适宜技术操作要点,据《中医适宜技术操作规范·拔罐》要点：以罐为工具，借燃火、抽气排除罐内空气形成负压，使其吸附于体表腧穴或部位，常见留罐、走罐、闪罐、刺络拔罐等法，具疏通经络、行气活血、消肿止痛之功。（要点归纳，非原文照录。）,拔罐是常用中医适宜技术，操作要点：依部位选大小适宜之罐，留罐一般 5—15 分钟，走罐需先涂润滑剂往返推拉，操作后局部出现红晕、瘀点属正常反应。适用于外感风寒、肩背酸痛、腰背肌肉劳损等。禁忌包括皮肤过敏、溃疡、水肿、高热抽搐及孕妇腹部腰骶部。本条目为要点归纳，供参考；具体诊疗请遵医嘱。,,
q056,鼻塞流清涕，遇冷加重，中医怎么治？,case,xueweitie_001,中医临床诊疗指南/专家共识（要点归纳）,现代中医,穴位贴敷·适宜技术操作要点,据《中医适宜技术操作规范·穴位贴敷》要点：将中药研末调成糊状或制成膏药，贴敷于特定腧穴，借药物与穴位双重作用透皮吸收，常见三伏贴、三九贴等，用于冬病夏治。（要点归纳，非原文照录。）,"穴位贴敷是常用中医适宜技术，操作要点：依证选穴（如咳喘常取肺俞、定喘、风门），贴敷时长数小时至一日不等，以局部皮肤微赤、微痒为度，避免起泡破溃。适用于慢性咳喘、反复感冒、痹证、脾胃虚寒等，三伏贴即""冬病夏治""代表。皮肤过敏、破溃、孕妇及婴幼儿须慎用。本条目为要点归纳，供参考；具体诊疗请遵医嘱。",,
q056,鼻塞流清涕，遇冷加重，中医怎么治？,case,qingkailingkoufuye_001,《中国药典》一部/药品说明书（要点归纳）,解表剂/中成药,清开灵口服液·清热解毒镇静安神,据现行版《中国药典》一部与药品说明书要点归纳：本品由胆酸、珍珠母、猪去氧胆酸、栀子、水牛角、板蓝根、黄芩苷、金银花等组成，具清热解毒、镇静安神之功，用于外感风热时毒、火毒内盛所致高热不退、烦躁不安、咽喉肿痛、舌质红绛、苔黄、脉数；上呼吸道感染、病毒性感冒、急性咽炎见上述证候者。用法用量按说明书口服。,清开灵口服液为临床常用清热解毒、醒神开窍类中成药，用于外感风热、火毒内盛之高热烦躁、咽喉肿痛，亦用于热病神昏等重症辅助。本品性寒凉，孕妇、久病体虚腹泻者慎用；有出血倾向、过敏体质者慎用。服药期间忌烟酒辛辣；高热不退、神昏、喘促者应及时就医。本条目为中成药，请按说明书或在医师指导下使用。,,
q056,鼻塞流清涕，遇冷加重，中医怎么治？,case,fengjingyou_001,《中国药典》一部/药品说明书（要点归纳）,止咳/外妇儿/中成药,风油精·清凉止痛驱风止痒,据现行版《中国药典》一部与药品说明书要点归纳：本品由薄荷脑、樟脑、桉油、丁香酚、水杨酸甲酯等制成外用油剂，具清凉、止痛、驱风、止痒之功，用于蚊虫叮咬及伤风感冒引起的头痛、头晕、晕车不适。用法用量按说明书，外用涂擦于患处或太阳穴。,风油精为清凉止痛、驱风止痒的外用药，用于蚊虫叮咬、伤风头痛头晕及晕车不适。本品以风外用为主，严禁入眼；皮肤烫伤、损伤及溃疡处禁用，孕妇和3岁以下儿童慎用，过敏体质者先小面积试用。涂后如皮肤刺激明显应停用清洗；头痛剧烈或持续不缓解者应就医。本条目为中成药，请按说明书或在医师指导下使用。,,
q056,鼻塞流清涕，遇冷加重，中医怎么治？,case,huoxiangzhengqishui_001,《中国药典》一部/药品说明书（要点归纳）,解表剂/中成药,藿香正气水·解表化湿理气和中,据现行版《中国药典》一部与药品说明书要点归纳：本品由苍术、陈皮、厚朴、白芷、茯苓、大腹皮、生半夏、甘草浸膏、广藿香油、紫苏叶油等组成，具解表化湿、理气和中之功，用于外感风寒、内伤湿滞或夏伤暑湿所致感冒，症见头痛昏重、胸膈痞闷、脘腹胀痛、呕吐泄泻。用法用量按说明书口服。,藿香正气水为临床常用解暑化湿类中成药，用于夏月外感风寒、内伤湿滞之头痛昏重、脘腹胀痛、呕吐泄泻，胃肠型感冒见上述证候者。本品含乙醇（酒精），服药后不得驾驶机、车、船，不得从事高空作业；对本品及酒精过敏者禁用，过敏体质、孕妇、哺乳期妇女、儿童及年老体弱者应在医师指导下使用。本条目为中成药，请按说明书或在医师指导下使用。,,
q056,鼻塞流清涕，遇冷加重，中医怎么治？,case,suwen_049,黄帝内经素问,脉解篇四十九,脉解篇四十九,太阳所谓肿腰脽痛者，正月太阳寅，寅，太阳也。正月阳气出在上而阴气盛，阳未得自次也，故肿腰脽痛也。病偏虚为跛者，正月阳气冻解，地气而出也。所谓偏虚者，冬寒颇有不足者，故偏虚为跛也。所谓强上引背者，阳气大上而争，故强上也。所谓耳鸣者，阳气万物盛上而跃，故耳鸣也。所谓甚则狂巅疾者，阳尽在上而阴气从下，下虚上实，故狂巅疾也。所…,本篇以阴阳四时之气解六经病证之所以然。太阳正月寅阳出上而阴盛，故肿腰脽痛、偏虚为跛、耳鸣、狂巅、入中为瘖、内夺为瘖俳。少阳九月戌阳尽阴盛，故心胁痛、不可反侧、甚则跃。阳明五月午盛阳遇阴，故洒洒振寒、胫肿股不收、喘水、恶人与火、弃衣走。太阴十一月主藏故胀噫呕。少阴十月申阳伤故腰痛呕咳喘、目䀮无所见、善怒恐。厥阴三月辰故㿗…,,
q056,鼻塞流清涕，遇冷加重，中医怎么治？,case,shanghan_080,伤寒论,辨太阳病脉证并治中,栀子干姜汤证（第80条）,伤寒，医以丸药大下之，身热不去，微烦者，栀子干姜汤主之。 栀子干姜汤方 栀子十四枚（掰，味苦寒） 干姜二两（味辛热）右二味，以水三升半，煮取一升半，去滓，分二服。温进一服，得吐者，止后服。,本条论上热中寒证。伤寒医以丸药大下之，身热不去、微烦者，栀子干姜汤主之。栀子清上热，干姜温中寒，治寒热错杂。,,
q056,鼻塞流清涕，遇冷加重，中医怎么治？,case,yinqiaosan_001,温病条辨,上焦篇,银翘散（辛凉平剂）,太阴风温、温热、温疫、冬温，初起恶风寒者，桂枝汤主之；但热不恶寒而渴者，辛凉平剂银翘散主之。温毒、温疫者，……银翘散主之。  银翘散方： 连翘一两 银花一两 苦桔梗六钱 薄荷六钱 竹叶四钱 生甘草五钱 芥穗四钱 淡豆豉五钱 牛蒡子六钱。 上共杵为散，每服六钱，鲜苇根汤煎，香气大出，即取服，勿过煎。,"本条论温病初起的分治：初起恶风寒者，邪尚在表，可用桂枝汤；但热不恶寒而口渴者，邪已化热入肺卫，主以辛凉平剂银翘散。方以银花、连翘清热解毒、辛凉透表为君，薄荷、芥穗、豆豉、牛蒡疏风散热利咽，桔梗、竹叶、苇根清热生津，甘草护胃。为温病""辛凉解表""第一方，属辛凉平剂，作用介于桑菊饮（轻剂）与白虎汤（重剂）之间。",,
q056,鼻塞流清涕，遇冷加重，中医怎么治？,case,shanghan_087,伤寒论,辨太阳病脉证并治中,救里救表先后（第87条）,伤寒医下之，续得下利，清谷不止，身疼痛者，急当救里；后身疼痛，清便自调者，急当救表。救里宜四逆汤；救表宜桂枝汤。,本条论表里同病先后缓急。伤寒医下之续得下利清谷不止、身疼痛者，急当救里；后身疼痛、清便自调者，急当救表。救里宜四逆汤，救表宜桂枝汤。,,
q056,鼻塞流清涕，遇冷加重，中医怎么治？,case,snb_kuoyu_001,神农本草经,下经,蛞蝓,蛞蝓，味咸，寒。主贼风㖞僻，轶筋，及脱肛，惊痫挛踠。一名陵蠡。生池泽。,蛞蝓（蛞蝓科陆生软体动物，俗称鼻涕虫）咸寒，清热祛风、消肿解毒、平喘，主治中风㖞僻、筋脉拘挛、惊痫、喘咳及咽喉肿痛、疮毒。今临床少用，多作丸散或外用，脾胃虚寒者慎用，不宜久服。,,
q056,鼻塞流清涕，遇冷加重，中医怎么治？,case,jiubiying_001,中国药典（2025年版）一部,清热药,救必应,据《中国药典》2025 年版一部：救必应为冬青科植物铁冬青 Ilex rotunda Thunb. 的干燥树皮（药用部位：树皮）。性味苦，寒；归肺、胃、肝经。功能与主治：清热解毒，利湿止痛；用于感冒发热，咽喉肿痛，胃脘疼痛，暑湿泄泻，黄疸，痢疾，跌打损伤。用法与用量：9～30g。外用适量。贮藏：置干燥处。,**简明**：救必应苦寒，清热解毒而利湿止痛，为岭南治感冒咽痛、胃肠湿热的常用药。。**详解**：感冒发热、咽喉肿痛配板蓝根、连翘；胃脘疼痛、暑湿泄泻配黄连、木香、藿香；黄疸配茵陈、栀子；跌打损伤可研末调敷。脾胃虚寒者慎用。,,
q056,鼻塞流清涕，遇冷加重，中医怎么治？,case,shanghan_046,伤寒论,辨太阳病脉证并治中,伤寒麻黄汤证烦衄（第46条）,太阳病，脉浮紧，无汗，发热，身疼痛，八九日不解，表证仍在，此当发其汗。服药已，微除，其人发烦目瞑。剧者必衄，衄乃解，所以然者，阳气重故也。麻黄汤主之。,本条论伤寒失汗致衄。太阳病脉浮紧、无汗发热身疼痛、八九日不解，表证仍在，当发其汗。服药已微除，其人发烦目瞑，剧者必衄，衄乃解，以阳气重故也，麻黄汤主之。,,
q056,鼻塞流清涕，遇冷加重，中医怎么治？,case,kouheliao_001,针灸学,手阳明大肠经,口禾髎,出《针灸甲乙经》。,口禾髎定位在面部，横平人中沟上1/3与下2/3交点，鼻孔外缘直下。主治鼻塞、鼻衄、鼻息肉等鼻病，以及口㖞、口噤、口唇瞤动等口面部病证。直刺或斜刺0.3～0.5寸；禁灸。,,
q056,鼻塞流清涕，遇冷加重，中医怎么治？,case,nanjing_040,难经,第四十难,第四十难,曰：经言，肝主色，心主臭，脾主味，肺主声，肾主液。鼻者，肺之候，而反知香臭；耳者，肾之候，而反闻声，其意何也？  然：肺者，西方金也，金生于巳，巳者南方火，火者心，心主臭，故令鼻知香臭；肾者，北方水也，水生于申，申者西方金，金者肺，肺主声，故令耳闻声。,本难释鼻为肺候反知香臭、耳为肾候反闻声之理。肺金生于巳（火），心主臭故鼻知香臭；肾水生于申（金），肺主声故耳闻声。,,
q056,鼻塞流清涕，遇冷加重，中医怎么治？,case,juliao_001,针灸学,足阳明胃经,巨髎,出《针灸甲乙经》。《针灸甲乙经》：巨髎，在挟鼻孔旁八分，直瞳子。,巨髎为足阳明、阳跷脉之会，定位在面部，目正视时瞳孔直下，平鼻翼下缘，当鼻唇沟外侧。主治口眼歪斜、眼睑瞤动、鼻衄、齿痛、唇颊肿痛、面痛等面口病证。刺法：斜刺或平刺0.3~0.5寸。,,
q056,鼻塞流清涕，遇冷加重，中医怎么治？,case,tongtian_001,针灸学,足太阳膀胱经,通天,出《针灸甲乙经》。《针灸甲乙经》：通天，一名天白，在承光后一寸五分。,通天为足太阳膀胱经穴，定位在头部，前发际正中直上4寸，旁开1.5寸。本穴为治疗鼻病要穴，主治鼻塞、鼻衄、鼻渊、鼻痔等鼻疾，亦治头痛、眩晕。刺法：平刺0.3～0.5寸；可灸。,,
q056,鼻塞流清涕，遇冷加重，中医怎么治？,case,dubi_001,针灸学,足阳明胃经,犊鼻,出《针灸甲乙经》。《针灸甲乙经》：犊鼻，在膝髌下，骨上，两筋间陷者中。,犊鼻定位在膝部，屈膝，当髌骨与髌韧带外侧凹陷中。主治膝肿痛、下肢痿痹、屈伸不利等膝部病证。刺法：向后内斜刺0.5~1寸。,,
q056,鼻塞流清涕，遇冷加重，中医怎么治？,case,yingxiang_001,针灸学,手阳明大肠经,迎香,出《针灸甲乙经》。,迎香为手、足阳明经交会穴，定位在面部，鼻翼外缘中点旁，鼻唇沟中。为治鼻病要穴，善治鼻塞、鼻衄、鼻渊、不闻香臭；又能祛风通络，治口眼㖞斜、面痒；近代经验用于胆道蛔虫症。略向内上方斜刺或平刺0.3～0.5寸；禁灸。,,
q056,鼻塞流清涕，遇冷加重，中医怎么治？,case,quanliao_001,针灸学,手太阳小肠经,颧髎,出《针灸甲乙经》。,颧髎为手太阳经与手少阳三焦经交会穴，定位在面部，颧骨最高点下缘凹陷中，目外眦直下。为治面瘫、面痛要穴，主治口眼㖞斜、眼睑瞤动、面痛（三叉神经痛）、齿痛、颊肿等面部病证。斜刺或平刺0.3～0.5寸；禁灸。,,
q056,鼻塞流清涕，遇冷加重，中医怎么治？,case,tongziliao_001,针灸学,足少阳胆经,瞳子髎,出《针灸甲乙经》。,瞳子髎为手太阳、手少阳、足少阳三脉交会穴，定位在面部，目外眦旁0.5寸，眶外侧缘凹陷处。主治头面五官疾患，如头痛、目赤肿痛、迎风流泪、青盲远视不明及口眼㖞斜。操作沿皮平刺0.3～0.5寸，或用三棱针点刺出血；禁灸。,,
q056,鼻塞流清涕，遇冷加重，中医怎么治？,case,tinghui_001,针灸学,足少阳胆经,听会,出《针灸甲乙经》。,听会定位在面部，耳屏间切迹前方，下颌骨髁突后缘，张口呈凹陷处。为耳病要穴，主治耳鸣、耳聋、聤耳流脓，以及齿痛、口眼㖞斜、腮颊肿痛。操作张口直刺0.5寸；灸3壮。,,
q056,鼻塞流清涕，遇冷加重，中医怎么治？,case,naoshu_001,针灸学,手太阳小肠经,臑俞,出《针灸甲乙经》。,臑俞为手太阳经与阳维脉、跷脉交会穴，定位在肩胛区，腋后纹头直上，肩胛冈下缘凹陷中。主治肩臂酸痛、肩不举等肩局部病证；又能散结化痰，治瘰疬。直刺0.6～1寸；可灸。,,
q056,鼻塞流清涕，遇冷加重，中医怎么治？,case,shouxianfanfei_001,温热论,温热论,温邪上受首先犯肺,温邪上受，首先犯肺，逆传心包。肺主气属卫，心主血属营。辨营卫气血虽与伤寒同，若论治法则与伤寒大异也。,本条为温病辨证总纲之一。叶天士指出温邪从口鼻上受，初起即先犯肺（肺主气属卫），若正不胜邪则内陷逆传心包（心主血属营）。伤寒从皮毛而入、渐次传里；温邪热变最速，初治即宜辛凉轻剂宣肺泄卫，不可径用辛温发汗，此即「温邪则热变最速」与伤寒分治之关键。,,
q056,鼻塞流清涕，遇冷加重，中医怎么治？,case,yaozhen_001,《中医皮肤性病学》规划教材（要点归纳）,皮肤,药疹,药疹又称药物性皮炎，是药物通过内服、注射、吸入等途径进入人体后引起的皮肤黏膜反应。多由禀赋不耐、药毒内侵、湿毒蕴肤或热毒入营。辨证分湿毒蕴肤、热毒入营、气阴两虚等型。,药疹首在停用可疑致敏药。重型药疹（剥脱性皮炎、重症多形红斑）须立即住院抢救。用药后出现皮疹、发热者须立即就医。教材要点归纳，供参考；具体诊疗请遵医嘱。,,
q056,鼻塞流清涕，遇冷加重，中医怎么治？,case,xiaoerganmaokeli_001,《中国药典》一部/药品说明书（要点归纳）,止咳/外妇儿/中成药,小儿感冒颗粒·疏风解表清热解毒,据现行版《中国药典》一部与药品说明书要点归纳：本品由广藿香、菊花、连翘、薄荷、地骨皮、白薇、地黄、板蓝根、大青叶、石膏组成，具疏风解表、清热解毒之功，用于小儿风热感冒，症见发热、头胀痛、咳嗽痰黏、咽喉肿痛；流感见上述证候者。用法用量按说明书开水冲服，周岁以内酌减。,小儿感冒颗粒为儿科常用疏风清热类中成药，用于小儿风热感冒。风寒感冒者不适用；婴儿应在医师指导下服用；服药 2 天高热不退或喘促者应及时就医。本条目为中成药，请按说明书或在医师指导下使用。,,
